-- phpMyAdmin SQL Dump
-- version 5.2.0
-- https://www.phpmyadmin.net/
--
-- Host: 127.0.0.1:3307
-- Generation Time: Jun 14, 2023 at 07:21 AM
-- Server version: 10.4.24-MariaDB
-- PHP Version: 8.1.6

SET SQL_MODE = "NO_AUTO_VALUE_ON_ZERO";
START TRANSACTION;
SET time_zone = "+00:00";


/*!40101 SET @OLD_CHARACTER_SET_CLIENT=@@CHARACTER_SET_CLIENT */;
/*!40101 SET @OLD_CHARACTER_SET_RESULTS=@@CHARACTER_SET_RESULTS */;
/*!40101 SET @OLD_COLLATION_CONNECTION=@@COLLATION_CONNECTION */;
/*!40101 SET NAMES utf8mb4 */;

--
-- Database: `pkm_kejayan`
--

-- --------------------------------------------------------

--
-- Table structure for table `ahli_gizi`
--

CREATE TABLE `ahli_gizi` (
  `id` bigint(20) UNSIGNED NOT NULL,
  `user_id` bigint(20) UNSIGNED NOT NULL,
  `nama` varchar(200) NOT NULL,
  `jabatan_fungsional` varchar(50) NOT NULL,
  `alamat` text NOT NULL,
  `no_tlp` varchar(20) NOT NULL,
  `updated_at` datetime DEFAULT NULL,
  `created_at` datetime DEFAULT NULL
) ENGINE=InnoDB DEFAULT CHARSET=utf8mb4;

--
-- Dumping data for table `ahli_gizi`
--

INSERT INTO `ahli_gizi` (`id`, `user_id`, `nama`, `jabatan_fungsional`, `alamat`, `no_tlp`, `updated_at`, `created_at`) VALUES
(1, 1, 'Arinda Restyowati', 'Nutrisionist', 'Jalan Raya Lembu Suro No.1, Krajan, Kejayan, Kec. Kejayan, Pasuruan, Jawa Timur 67172', '085898765269', '2023-06-09 22:36:25', '2022-09-12 08:19:37');

-- --------------------------------------------------------

--
-- Table structure for table `balita`
--

CREATE TABLE `balita` (
  `id` bigint(20) UNSIGNED NOT NULL,
  `nama` varchar(200) NOT NULL,
  `nama_ortu` varchar(200) NOT NULL,
  `alamat` text NOT NULL,
  `tgl_lahir` date NOT NULL,
  `bb_lahir` int(2) NOT NULL,
  `pjg_lahir` int(2) NOT NULL,
  `jenis_kelamin` enum('L','P') NOT NULL,
  `anak_ke` int(2) NOT NULL,
  `gakin` enum('1','2') DEFAULT NULL,
  `created_at` datetime DEFAULT NULL,
  `updated_at` datetime DEFAULT NULL
) ENGINE=InnoDB DEFAULT CHARSET=utf8mb4;

--
-- Dumping data for table `balita`
--

INSERT INTO `balita` (`id`, `nama`, `nama_ortu`, `alamat`, `tgl_lahir`, `bb_lahir`, `pjg_lahir`, `jenis_kelamin`, `anak_ke`, `gakin`, `created_at`, `updated_at`) VALUES
(2, 'Ahmad Antony', 'Bakar', 'Kemban Village, Pasrepan District, Malang Regency, East Java', '2021-01-04', 7, 5, 'L', 1, '1', '2023-06-04 15:09:18', '2023-06-06 17:07:44'),
(3, 'Abdul Sairy', 'Sairy', 'Pohgading Village, Pasrepan District, Pasuruan Regency, East Jav', '2020-01-05', 5, 5, 'L', 1, '1', '2023-06-04 15:10:04', '2023-06-06 17:08:08'),
(4, 'Hilman Nafis', 'Nafis', 'Pohgading Village, Pasrepan District, Pasuruan', '2021-02-06', 5, 5, 'P', 1, '2', '2023-06-04 15:10:52', '2023-06-06 17:09:10'),
(5, 'Abd Hafis', 'taok', 'Kemban Village, Pasrepan District, Malang Regency, East Java', '2020-02-02', 5, 5, 'L', 1, '1', '2023-06-04 15:45:35', '2023-06-06 17:09:26');

-- --------------------------------------------------------

--
-- Table structure for table `bidan`
--

CREATE TABLE `bidan` (
  `id` bigint(20) UNSIGNED NOT NULL,
  `user_id` bigint(20) UNSIGNED NOT NULL,
  `nama` varchar(200) NOT NULL,
  `jabatan_fungsional` varchar(50) NOT NULL,
  `alamat` text NOT NULL,
  `polindes` text NOT NULL,
  `no_tlp` varchar(20) NOT NULL,
  `created_at` datetime DEFAULT NULL,
  `updated_at` datetime DEFAULT NULL
) ENGINE=InnoDB DEFAULT CHARSET=utf8mb4;

--
-- Dumping data for table `bidan`
--

INSERT INTO `bidan` (`id`, `user_id`, `nama`, `jabatan_fungsional`, `alamat`, `polindes`, `no_tlp`, `created_at`, `updated_at`) VALUES
(1, 2, 'Alifvionita Chairunnisa', 'Ahli', 'Jalan Raya Lembu Suro No.1, Krajan, Kejayan, Kec. Kejayan, Pasuruan, Jawa Timur 67172', 'Jalan Raya Lembu Suro No.1, Krajan, Kejayan, Kec. Kejayan, Pasuruan, Jawa Timur 67172', '085123555152123', '2022-02-06 19:54:27', '2021-06-02 20:45:57');

-- --------------------------------------------------------

--
-- Table structure for table `kader`
--

CREATE TABLE `kader` (
  `id` bigint(20) UNSIGNED NOT NULL,
  `posyandu_id` bigint(20) UNSIGNED DEFAULT NULL,
  `nama` varchar(255) NOT NULL,
  `no_tlp` varchar(20) NOT NULL,
  `alamat` text NOT NULL,
  `created_at` datetime DEFAULT NULL,
  `updated_at` datetime DEFAULT NULL
) ENGINE=InnoDB DEFAULT CHARSET=utf8mb4;

--
-- Dumping data for table `kader`
--

INSERT INTO `kader` (`id`, `posyandu_id`, `nama`, `no_tlp`, `alamat`, `created_at`, `updated_at`) VALUES
(4, 3, 'ripen', '085608014111', 'Pohgading Village, Pasrepan District, Pasuruan', '2023-06-14 10:51:50', '2023-06-14 10:55:07');

-- --------------------------------------------------------

--
-- Table structure for table `kapus`
--

CREATE TABLE `kapus` (
  `id` bigint(20) UNSIGNED NOT NULL,
  `user_id` bigint(20) UNSIGNED NOT NULL,
  `nama` varchar(200) NOT NULL,
  `jabatan_fungsional` varchar(50) NOT NULL,
  `alamat` text NOT NULL,
  `no_tlp` varchar(20) NOT NULL,
  `created_at` datetime DEFAULT NULL,
  `updated_at` datetime DEFAULT NULL
) ENGINE=InnoDB DEFAULT CHARSET=utf8mb4;

--
-- Dumping data for table `kapus`
--

INSERT INTO `kapus` (`id`, `user_id`, `nama`, `jabatan_fungsional`, `alamat`, `no_tlp`, `created_at`, `updated_at`) VALUES
(1, 3, 'Arya Putra Sena', 'Kepala Puskesmas', 'Jalan Raya Lembu Suro No.1, Krajan, Kejayan, Kec. Kejayan, Pasuruan, Jawa Timur 67172', '085123555152123', '2022-02-06 19:54:27', '2021-06-02 20:57:30');

-- --------------------------------------------------------

--
-- Table structure for table `kategori_status_gizi`
--

CREATE TABLE `kategori_status_gizi` (
  `id` bigint(20) UNSIGNED NOT NULL,
  `type` enum('tb/u','bb/u','bb/tb') NOT NULL,
  `z_score` varchar(50) NOT NULL,
  `value` varchar(50) NOT NULL,
  `bobot` float DEFAULT NULL
) ENGINE=InnoDB DEFAULT CHARSET=utf8mb4;

--
-- Dumping data for table `kategori_status_gizi`
--

INSERT INTO `kategori_status_gizi` (`id`, `type`, `z_score`, `value`, `bobot`) VALUES
(1, 'bb/u', '-3', 'Berat Badan Sangat Kurang', 0.25),
(2, 'bb/u', '-3|-2', 'Berat Badan Kurang', 0.5),
(3, 'bb/u', '-2|-1', 'Berat Badan Normal', 1),
(4, 'bb/u', '-2|-1|Median|+1', 'Berat Badan Lebih', 0.75),
(5, 'tb/u', '-3', 'Sangat Pendek', 0.25),
(6, 'tb/u', '-3|-2', 'Pendek', 0.5),
(7, 'tb/u', '-2|-1|Median|+1|+2|+3', 'Normal', 1),
(8, 'tb/u', '+3', 'Tinggi', 0.75),
(9, 'bb/tb', '-3', 'Gizi Buruk', 0.25),
(10, 'bb/tb', '-3|-2', 'Gizi Kurang', 0.5),
(11, 'bb/tb', '-3|-2|-1|Median|+1', 'Gizi Baik', 1),
(12, 'bb/tb', '+1|+2', 'Beresiko Gizi Lebih', 0.75),
(13, 'bb/tb', '+2|+3', 'Gizi Lebih', 0.75),
(14, 'bb/tb', '+3', 'Obesitas', 0.75);

-- --------------------------------------------------------

--
-- Table structure for table `posyandu`
--

CREATE TABLE `posyandu` (
  `id` bigint(20) UNSIGNED NOT NULL,
  `desa` varchar(50) NOT NULL,
  `alamat` text NOT NULL,
  `nama_pos` varchar(100) NOT NULL,
  `created_at` datetime DEFAULT NULL,
  `updated_at` datetime DEFAULT NULL
) ENGINE=InnoDB DEFAULT CHARSET=utf8mb4;

--
-- Dumping data for table `posyandu`
--

INSERT INTO `posyandu` (`id`, `desa`, `alamat`, `nama_pos`, `created_at`, `updated_at`) VALUES
(2, 'Kelobuk Wetan', 'Pohgading Village, Pasrepan District, Pasuruan Regency, East Java', 'Plunggaan', '2023-04-29 18:58:10', '2023-06-14 11:28:13'),
(3, 'Kelobuk Lor', 'Pohgading Village, Pasrepan District, Pasuruan Regency, East Java', 'Kelobuk Lor', '2023-04-29 18:58:10', NULL),
(4, 'Kelobuk Kidul', 'Pohgading Village, Pasrepan District, Pasuruan Regency, East Java', 'Kelobuk Kidul', '2023-04-29 18:58:10', NULL);

-- --------------------------------------------------------

--
-- Table structure for table `posyandu_bidan`
--

CREATE TABLE `posyandu_bidan` (
  `id` bigint(20) UNSIGNED NOT NULL,
  `posyandu_id` bigint(20) UNSIGNED NOT NULL,
  `bidan_id` bigint(20) UNSIGNED NOT NULL,
  `status` tinyint(1) NOT NULL DEFAULT 1,
  `created_at` datetime NOT NULL
) ENGINE=InnoDB DEFAULT CHARSET=utf8mb4;

--
-- Dumping data for table `posyandu_bidan`
--

INSERT INTO `posyandu_bidan` (`id`, `posyandu_id`, `bidan_id`, `status`, `created_at`) VALUES
(1, 2, 1, 1, '2023-06-14 11:18:39');

-- --------------------------------------------------------

--
-- Table structure for table `posyandu_hasil`
--

CREATE TABLE `posyandu_hasil` (
  `id` bigint(20) UNSIGNED NOT NULL,
  `jadwal_id` bigint(20) UNSIGNED DEFAULT NULL,
  `balita_id` bigint(20) UNSIGNED DEFAULT NULL,
  `bidan_id` bigint(20) UNSIGNED DEFAULT NULL,
  `umur` int(5) NOT NULL,
  `tb` float DEFAULT NULL,
  `bb` float DEFAULT NULL,
  `status_gizi` enum('menunggu','gizi_lebih','gizi_baik','gizi_sedang','gizi_kurang','gizi_buruk') NOT NULL DEFAULT 'menunggu',
  `created_at` datetime DEFAULT NULL,
  `updated_at` datetime DEFAULT NULL
) ENGINE=InnoDB DEFAULT CHARSET=utf8mb4;

--
-- Dumping data for table `posyandu_hasil`
--

INSERT INTO `posyandu_hasil` (`id`, `jadwal_id`, `balita_id`, `bidan_id`, `umur`, `tb`, `bb`, `status_gizi`, `created_at`, `updated_at`) VALUES
(1, 1, 2, 1, 29, 82.4, 9, 'gizi_kurang', '2023-06-04 16:17:32', '2023-06-09 22:22:11'),
(2, 1, 3, 1, 41, 96.8, 10.2, 'gizi_buruk', '2023-06-04 16:17:32', '2023-06-09 22:22:11'),
(3, 1, 4, 1, 28, 89.2, 14.5, 'gizi_baik', '2023-06-04 16:17:32', '2023-06-09 22:22:11'),
(4, 1, 5, 1, 40, 91.8, 13.5, 'gizi_baik', '2023-06-04 16:17:32', '2023-06-09 22:22:11'),
(9, 3, 2, 1, 31, NULL, NULL, 'gizi_buruk', '2023-06-04 17:46:48', '2023-06-08 17:02:14'),
(10, 3, 3, 1, 43, NULL, NULL, 'gizi_buruk', '2023-06-04 17:46:48', '2023-06-08 17:02:14'),
(11, 3, 4, 1, 30, NULL, NULL, 'gizi_buruk', '2023-06-04 17:46:48', '2023-06-08 17:02:14'),
(12, 3, 5, 1, 42, NULL, NULL, 'gizi_buruk', '2023-06-04 17:46:48', '2023-06-08 17:02:14'),
(13, 2, 2, 1, 30, 9.01, NULL, 'gizi_buruk', '2023-06-04 17:52:28', '2023-06-08 17:02:14'),
(14, 2, 3, 1, 42, 10, NULL, 'gizi_buruk', '2023-06-04 17:52:28', '2023-06-08 17:02:14'),
(15, 2, 4, 1, 29, NULL, NULL, 'gizi_buruk', '2023-06-04 17:52:28', '2023-06-08 17:02:14'),
(16, 2, 5, 1, 41, NULL, NULL, 'gizi_buruk', '2023-06-04 17:52:28', '2023-06-08 17:02:14');

-- --------------------------------------------------------

--
-- Table structure for table `posyandu_jadwal`
--

CREATE TABLE `posyandu_jadwal` (
  `id` bigint(20) UNSIGNED NOT NULL,
  `posyandu_id` bigint(20) UNSIGNED DEFAULT NULL,
  `bidan_id` bigint(20) UNSIGNED DEFAULT NULL,
  `nama_bidan` varchar(100) DEFAULT NULL,
  `nama_pos` varchar(100) DEFAULT NULL,
  `jenis` enum('posyandu','vitamin') NOT NULL,
  `tanggal` date NOT NULL,
  `vitamin` varchar(225) DEFAULT NULL,
  `created_at` datetime DEFAULT NULL,
  `updated_at` datetime DEFAULT NULL
) ENGINE=InnoDB DEFAULT CHARSET=utf8mb4;

--
-- Dumping data for table `posyandu_jadwal`
--

INSERT INTO `posyandu_jadwal` (`id`, `posyandu_id`, `bidan_id`, `nama_bidan`, `nama_pos`, `jenis`, `tanggal`, `vitamin`, `created_at`, `updated_at`) VALUES
(1, 2, 1, NULL, NULL, 'posyandu', '2023-06-10', NULL, '2023-06-04 15:06:53', NULL),
(2, 2, 1, NULL, NULL, 'posyandu', '2023-07-10', NULL, '2023-06-04 15:07:07', NULL),
(3, 2, 1, NULL, NULL, 'posyandu', '2023-08-10', NULL, '2023-06-04 15:07:25', NULL);

-- --------------------------------------------------------

--
-- Table structure for table `standart_bb_tb_laki_laki`
--

CREATE TABLE `standart_bb_tb_laki_laki` (
  `id` bigint(20) UNSIGNED NOT NULL,
  `tb_bb_char` enum('-3 SD','-2 SD','-1 SD','Median','+1 SD','+2 SD','+3 SD') NOT NULL,
  `tb` float NOT NULL,
  `bb` float NOT NULL
) ENGINE=InnoDB DEFAULT CHARSET=utf8mb4;

--
-- Dumping data for table `standart_bb_tb_laki_laki`
--

INSERT INTO `standart_bb_tb_laki_laki` (`id`, `tb_bb_char`, `tb`, `bb`) VALUES
(1, '-3 SD', 65, 5.9),
(2, '-3 SD', 65.5, 6),
(3, '-3 SD', 66, 6.1),
(4, '-3 SD', 66.5, 6.1),
(5, '-3 SD', 67, 6.2),
(6, '-3 SD', 67.5, 6.3),
(7, '-3 SD', 68, 6.4),
(8, '-3 SD', 68.5, 6.5),
(9, '-3 SD', 69, 6.6),
(10, '-3 SD', 69.5, 6.7),
(11, '-3 SD', 70, 6.8),
(12, '-3 SD', 70.5, 6.9),
(13, '-3 SD', 71, 6.9),
(14, '-3 SD', 71.5, 7),
(15, '-3 SD', 72, 7.1),
(16, '-3 SD', 72.5, 7.2),
(17, '-3 SD', 73, 7.3),
(18, '-3 SD', 73.5, 7.4),
(19, '-3 SD', 74, 7.4),
(20, '-3 SD', 74.5, 7.5),
(21, '-3 SD', 75, 7.6),
(22, '-3 SD', 75.5, 7.7),
(23, '-3 SD', 76, 7.7),
(24, '-3 SD', 76.5, 7.8),
(25, '-3 SD', 77, 7.9),
(26, '-3 SD', 77.5, 8),
(27, '-3 SD', 78, 8),
(28, '-3 SD', 78.5, 8.1),
(29, '-3 SD', 79, 8.2),
(30, '-3 SD', 79.5, 8.3),
(31, '-3 SD', 80, 8.3),
(32, '-3 SD', 80.5, 8.4),
(33, '-3 SD', 81, 8.5),
(34, '-3 SD', 81.5, 8.6),
(35, '-3 SD', 82, 8.7),
(36, '-3 SD', 82.5, 8.7),
(37, '-3 SD', 83, 8.8),
(38, '-3 SD', 83.5, 8.9),
(39, '-3 SD', 84, 9),
(40, '-3 SD', 84.5, 9.1),
(41, '-3 SD', 85, 9.2),
(42, '-3 SD', 85.5, 9.3),
(43, '-3 SD', 86, 9.4),
(44, '-3 SD', 86.5, 9.5),
(45, '-3 SD', 87, 9.6),
(46, '-3 SD', 87.5, 9.7),
(47, '-3 SD', 88, 9.8),
(48, '-3 SD', 88.5, 9.9),
(49, '-3 SD', 89, 10),
(50, '-3 SD', 89.5, 10.1),
(51, '-3 SD', 90, 10.2),
(52, '-3 SD', 90.5, 10.3),
(53, '-3 SD', 91, 10.4),
(54, '-3 SD', 91.5, 10.5),
(55, '-3 SD', 92, 10.6),
(56, '-3 SD', 92.5, 10.7),
(57, '-3 SD', 93, 10.8),
(58, '-3 SD', 93.5, 10.9),
(59, '-3 SD', 94, 11),
(60, '-3 SD', 94.5, 11.1),
(61, '-3 SD', 95, 11.1),
(62, '-3 SD', 95.5, 11.2),
(63, '-3 SD', 96, 11.3),
(64, '-3 SD', 96.5, 11.4),
(65, '-3 SD', 97, 11.5),
(66, '-3 SD', 97.5, 11.6),
(67, '-3 SD', 98, 11.7),
(68, '-3 SD', 98.5, 11.8),
(69, '-3 SD', 99, 11.9),
(70, '-3 SD', 99.5, 12),
(71, '-3 SD', 100, 12.1),
(72, '-3 SD', 100.5, 12.2),
(73, '-3 SD', 101, 12.3),
(74, '-3 SD', 101.5, 12.4),
(75, '-3 SD', 102, 12.5),
(76, '-3 SD', 102.5, 12.6),
(77, '-3 SD', 103, 12.8),
(78, '-3 SD', 103.5, 12.9),
(79, '-3 SD', 104, 13),
(80, '-3 SD', 104.5, 13.1),
(81, '-3 SD', 105, 13.2),
(82, '-3 SD', 105.5, 13.3),
(83, '-3 SD', 106, 13.4),
(84, '-3 SD', 106.5, 13.5),
(85, '-3 SD', 107, 13.7),
(86, '-3 SD', 107.5, 13.8),
(87, '-3 SD', 108, 13.9),
(88, '-3 SD', 108.5, 14),
(89, '-3 SD', 109, 14.1),
(90, '-3 SD', 109.5, 14.3),
(91, '-3 SD', 110, 14.4),
(92, '-3 SD', 110.5, 14.5),
(93, '-3 SD', 111, 14.6),
(94, '-3 SD', 111.5, 14.8),
(95, '-3 SD', 112, 14.9),
(96, '-3 SD', 112.5, 15),
(97, '-3 SD', 113, 15.2),
(98, '-3 SD', 113.5, 15.3),
(99, '-3 SD', 114, 15.4),
(100, '-3 SD', 114.5, 15.6),
(101, '-3 SD', 115, 15.7),
(102, '-3 SD', 115.5, 15.8),
(103, '-3 SD', 116, 16),
(104, '-3 SD', 116.5, 16.1),
(105, '-3 SD', 117, 16.2),
(106, '-3 SD', 117.5, 16.4),
(107, '-3 SD', 118, 16.5),
(108, '-3 SD', 118.5, 16.7),
(109, '-3 SD', 119, 16.8),
(110, '-3 SD', 119.5, 16.9),
(111, '-3 SD', 120, 17.1),
(112, '-2 SD', 65, 6.3),
(113, '-2 SD', 65.5, 6.4),
(114, '-2 SD', 66, 6.5),
(115, '-2 SD', 66.5, 6.6),
(116, '-2 SD', 67, 6.7),
(117, '-2 SD', 67.5, 6.8),
(118, '-2 SD', 68, 6.9),
(119, '-2 SD', 68.5, 7),
(120, '-2 SD', 69, 7.1),
(121, '-2 SD', 69.5, 7.2),
(122, '-2 SD', 70, 7.3),
(123, '-2 SD', 70.5, 7.4),
(124, '-2 SD', 71, 7.5),
(125, '-2 SD', 71.5, 7.6),
(126, '-2 SD', 72, 7.7),
(127, '-2 SD', 72.5, 7.8),
(128, '-2 SD', 73, 7.9),
(129, '-2 SD', 73.5, 7.9),
(130, '-2 SD', 74, 8),
(131, '-2 SD', 74.5, 8.1),
(132, '-2 SD', 75, 8.2),
(133, '-2 SD', 75.5, 8.3),
(134, '-2 SD', 76, 8.4),
(135, '-2 SD', 76.5, 8.5),
(136, '-2 SD', 77, 8.5),
(137, '-2 SD', 77.5, 8.6),
(138, '-2 SD', 78, 8.7),
(139, '-2 SD', 78.5, 8.8),
(140, '-2 SD', 79, 8.8),
(141, '-2 SD', 79.5, 8.9),
(142, '-2 SD', 80, 9),
(143, '-2 SD', 80.5, 9.1),
(144, '-2 SD', 81, 9.2),
(145, '-2 SD', 81.5, 9.3),
(146, '-2 SD', 82, 9.3),
(147, '-2 SD', 82.5, 9.4),
(148, '-2 SD', 83, 9.5),
(149, '-2 SD', 83.5, 9.6),
(150, '-2 SD', 84, 9.7),
(151, '-2 SD', 84.5, 9.9),
(152, '-2 SD', 85, 10),
(153, '-2 SD', 85.5, 10.1),
(154, '-2 SD', 86, 10.2),
(155, '-2 SD', 86.5, 10.3),
(156, '-2 SD', 87, 10.4),
(157, '-2 SD', 87.5, 10.5),
(158, '-2 SD', 88, 10.6),
(159, '-2 SD', 88.5, 10.7),
(160, '-2 SD', 89, 10.8),
(161, '-2 SD', 89.5, 10.9),
(162, '-2 SD', 90, 11),
(163, '-2 SD', 90.5, 11.1),
(164, '-2 SD', 91, 11.2),
(165, '-2 SD', 91.5, 11.3),
(166, '-2 SD', 92, 11.4),
(167, '-2 SD', 92.5, 11.5),
(168, '-2 SD', 93, 11.6),
(169, '-2 SD', 93.5, 11.7),
(170, '-2 SD', 94, 11.8),
(171, '-2 SD', 94.5, 11.9),
(172, '-2 SD', 95, 12),
(173, '-2 SD', 95.5, 12.1),
(174, '-2 SD', 96, 12.2),
(175, '-2 SD', 96.5, 12.3),
(176, '-2 SD', 97, 12.4),
(177, '-2 SD', 97.5, 12.5),
(178, '-2 SD', 98, 12.6),
(179, '-2 SD', 98.5, 12.8),
(180, '-2 SD', 99, 12.9),
(181, '-2 SD', 99.5, 13),
(182, '-2 SD', 100, 13.1),
(183, '-2 SD', 100.5, 13.2),
(184, '-2 SD', 101, 13.3),
(185, '-2 SD', 101.5, 13.4),
(186, '-2 SD', 102, 13.6),
(187, '-2 SD', 102.5, 13.7),
(188, '-2 SD', 103, 13.8),
(189, '-2 SD', 103.5, 13.9),
(190, '-2 SD', 104, 14),
(191, '-2 SD', 104.5, 14.2),
(192, '-2 SD', 105, 14.3),
(193, '-2 SD', 105.5, 14.4),
(194, '-2 SD', 106, 14.5),
(195, '-2 SD', 106.5, 14.7),
(196, '-2 SD', 107, 14.8),
(197, '-2 SD', 107.5, 14.9),
(198, '-2 SD', 108, 15.1),
(199, '-2 SD', 108.5, 15.2),
(200, '-2 SD', 109, 15.3),
(201, '-2 SD', 109.5, 15.5),
(202, '-2 SD', 110, 15.6),
(203, '-2 SD', 110.5, 15.8),
(204, '-2 SD', 111, 15.9),
(205, '-2 SD', 111.5, 16),
(206, '-2 SD', 112, 16.2),
(207, '-2 SD', 112.5, 16.3),
(208, '-2 SD', 113, 16.5),
(209, '-2 SD', 113.5, 16.6),
(210, '-2 SD', 114, 16.8),
(211, '-2 SD', 114.5, 16.9),
(212, '-2 SD', 115, 17.1),
(213, '-2 SD', 115.5, 17.2),
(214, '-2 SD', 116, 17.4),
(215, '-2 SD', 116.5, 17.5),
(216, '-2 SD', 117, 17.7),
(217, '-2 SD', 117.5, 17.9),
(218, '-2 SD', 118, 18),
(219, '-2 SD', 118.5, 18.2),
(220, '-2 SD', 119, 18.3),
(221, '-2 SD', 119.5, 18.5),
(222, '-2 SD', 120, 18.6),
(223, '-1 SD', 65, 6.9),
(224, '-1 SD', 65.5, 7),
(225, '-1 SD', 66, 7.1),
(226, '-1 SD', 66.5, 7.2),
(227, '-1 SD', 67, 7.3),
(228, '-1 SD', 67.5, 7.4),
(229, '-1 SD', 68, 7.5),
(230, '-1 SD', 68.5, 7.6),
(231, '-1 SD', 69, 7.7),
(232, '-1 SD', 69.5, 7.8),
(233, '-1 SD', 70, 7.9),
(234, '-1 SD', 70.5, 8),
(235, '-1 SD', 71, 8.1),
(236, '-1 SD', 71.5, 8.2),
(237, '-1 SD', 72, 8.3),
(238, '-1 SD', 72.5, 8.4),
(239, '-1 SD', 73, 8.5),
(240, '-1 SD', 73.5, 8.6),
(241, '-1 SD', 74, 8.7),
(242, '-1 SD', 74.5, 8.8),
(243, '-1 SD', 75, 8.9),
(244, '-1 SD', 75.5, 9),
(245, '-1 SD', 76, 9.1),
(246, '-1 SD', 76.5, 9.2),
(247, '-1 SD', 77, 9.2),
(248, '-1 SD', 77.5, 9.3),
(249, '-1 SD', 78, 9.4),
(250, '-1 SD', 78.5, 9.5),
(251, '-1 SD', 79, 9.6),
(252, '-1 SD', 79.5, 9.7),
(253, '-1 SD', 80, 9.7),
(254, '-1 SD', 80.5, 9.8),
(255, '-1 SD', 81, 9.9),
(256, '-1 SD', 81.5, 10),
(257, '-1 SD', 82, 10.1),
(258, '-1 SD', 82.5, 10.2),
(259, '-1 SD', 83, 10.3),
(260, '-1 SD', 83.5, 10.4),
(261, '-1 SD', 84, 10.5),
(262, '-1 SD', 84.5, 10.7),
(263, '-1 SD', 85, 10.8),
(264, '-1 SD', 85.5, 10.9),
(265, '-1 SD', 86, 11),
(266, '-1 SD', 86.5, 11.1),
(267, '-1 SD', 87, 11.2),
(268, '-1 SD', 87.5, 11.3),
(269, '-1 SD', 88, 11.5),
(270, '-1 SD', 88.5, 11.6),
(271, '-1 SD', 89, 11.7),
(272, '-1 SD', 89.5, 11.8),
(273, '-1 SD', 90, 11.9),
(274, '-1 SD', 90.5, 12),
(275, '-1 SD', 91, 12.1),
(276, '-1 SD', 91.5, 12.2),
(277, '-1 SD', 92, 12.3),
(278, '-1 SD', 92.5, 12.4),
(279, '-1 SD', 93, 12.6),
(280, '-1 SD', 93.5, 12.7),
(281, '-1 SD', 94, 12.8),
(282, '-1 SD', 94.5, 12.9),
(283, '-1 SD', 95, 13),
(284, '-1 SD', 95.5, 13.1),
(285, '-1 SD', 96, 13.2),
(286, '-1 SD', 96.5, 13.3),
(287, '-1 SD', 97, 13.4),
(288, '-1 SD', 97.5, 13.6),
(289, '-1 SD', 98, 13.7),
(290, '-1 SD', 98.5, 13.8),
(291, '-1 SD', 99, 13.9),
(292, '-1 SD', 99.5, 14),
(293, '-1 SD', 100, 14.2),
(294, '-1 SD', 100.5, 14.3),
(295, '-1 SD', 101, 14.4),
(296, '-1 SD', 101.5, 14.5),
(297, '-1 SD', 102, 14.7),
(298, '-1 SD', 102.5, 14.8),
(299, '-1 SD', 103, 14.9),
(300, '-1 SD', 103.5, 15.1),
(301, '-1 SD', 104, 15.2),
(302, '-1 SD', 104.5, 15.4),
(303, '-1 SD', 105, 15.5),
(304, '-1 SD', 105.5, 15.6),
(305, '-1 SD', 106, 15.8),
(306, '-1 SD', 106.5, 15.9),
(307, '-1 SD', 107, 16.1),
(308, '-1 SD', 107.5, 16.2),
(309, '-1 SD', 108, 16.4),
(310, '-1 SD', 108.5, 16.5),
(311, '-1 SD', 109, 16.7),
(312, '-1 SD', 109.5, 16.8),
(313, '-1 SD', 110, 17),
(314, '-1 SD', 110.5, 17.1),
(315, '-1 SD', 111, 17.3),
(316, '-1 SD', 111.5, 17.5),
(317, '-1 SD', 112, 17.6),
(318, '-1 SD', 112.5, 17.8),
(319, '-1 SD', 113, 18),
(320, '-1 SD', 113.5, 18.1),
(321, '-1 SD', 114, 18.3),
(322, '-1 SD', 114.5, 18.5),
(323, '-1 SD', 115, 18.6),
(324, '-1 SD', 115.5, 18.8),
(325, '-1 SD', 116, 19),
(326, '-1 SD', 116.5, 19.2),
(327, '-1 SD', 117, 19.3),
(328, '-1 SD', 117.5, 19.5),
(329, '-1 SD', 118, 19.7),
(330, '-1 SD', 118.5, 19.9),
(331, '-1 SD', 119, 20),
(332, '-1 SD', 119.5, 20.2),
(333, '-1 SD', 120, 20.4),
(334, 'Median', 65, 7.4),
(335, 'Median', 65.5, 7.6),
(336, 'Median', 66, 7.7),
(337, 'Median', 66.5, 7.8),
(338, 'Median', 67, 7.9),
(339, 'Median', 67.5, 8),
(340, 'Median', 68, 8.1),
(341, 'Median', 68.5, 8.2),
(342, 'Median', 69, 8.4),
(343, 'Median', 69.5, 8.5),
(344, 'Median', 70, 8.6),
(345, 'Median', 70.5, 8.7),
(346, 'Median', 71, 8.8),
(347, 'Median', 71.5, 8.9),
(348, 'Median', 72, 9),
(349, 'Median', 72.5, 9.1),
(350, 'Median', 73, 9.2),
(351, 'Median', 73.5, 9.3),
(352, 'Median', 74, 9.4),
(353, 'Median', 74.5, 9.5),
(354, 'Median', 75, 9.6),
(355, 'Median', 75.5, 9.7),
(356, 'Median', 76, 9.8),
(357, 'Median', 76.5, 9.9),
(358, 'Median', 77, 10),
(359, 'Median', 77.5, 10.1),
(360, 'Median', 78, 10.2),
(361, 'Median', 78.5, 10.3),
(362, 'Median', 79, 10.4),
(363, 'Median', 79.5, 10.5),
(364, 'Median', 80, 10.6),
(365, 'Median', 80.5, 10.7),
(366, 'Median', 81, 10.8),
(367, 'Median', 81.5, 10.9),
(368, 'Median', 82, 11),
(369, 'Median', 82.5, 11.1),
(370, 'Median', 83, 11.2),
(371, 'Median', 83.5, 11.3),
(372, 'Median', 84, 11.4),
(373, 'Median', 84.5, 11.5),
(374, 'Median', 85, 11.7),
(375, 'Median', 85.5, 11.8),
(376, 'Median', 86, 11.9),
(377, 'Median', 86.5, 12),
(378, 'Median', 87, 12.2),
(379, 'Median', 87.5, 12.3),
(380, 'Median', 88, 12.4),
(381, 'Median', 88.5, 12.5),
(382, 'Median', 89, 12.6),
(383, 'Median', 89.5, 12.8),
(384, 'Median', 90, 12.9),
(385, 'Median', 90.5, 13),
(386, 'Median', 91, 13.1),
(387, 'Median', 91.5, 13.2),
(388, 'Median', 92, 13.4),
(389, 'Median', 92.5, 13.5),
(390, 'Median', 93, 13.6),
(391, 'Median', 93.5, 13.7),
(392, 'Median', 94, 13.8),
(393, 'Median', 94.5, 13.9),
(394, 'Median', 95, 14.1),
(395, 'Median', 95.5, 14.2),
(396, 'Median', 96, 14.3),
(397, 'Median', 96.5, 14.4),
(398, 'Median', 97, 14.6),
(399, 'Median', 97.5, 14.7),
(400, 'Median', 98, 14.8),
(401, 'Median', 98.5, 14.9),
(402, 'Median', 99, 15.1),
(403, 'Median', 99.5, 15.2),
(404, 'Median', 100, 15.4),
(405, 'Median', 100.5, 15.5),
(406, 'Median', 101, 15.6),
(407, 'Median', 101.5, 15.8),
(408, 'Median', 102, 15.9),
(409, 'Median', 102.5, 16.1),
(410, 'Median', 103, 16.2),
(411, 'Median', 103.5, 16.4),
(412, 'Median', 104, 16.5),
(413, 'Median', 104.5, 16.7),
(414, 'Median', 105, 16.8),
(415, 'Median', 105.5, 17),
(416, 'Median', 106, 17.2),
(417, 'Median', 106.5, 17.3),
(418, 'Median', 107, 17.5),
(419, 'Median', 107.5, 17.7),
(420, 'Median', 108, 17.8),
(421, 'Median', 108.5, 18),
(422, 'Median', 109, 18.2),
(423, 'Median', 109.5, 18.3),
(424, 'Median', 110, 18.5),
(425, 'Median', 110.5, 18.7),
(426, 'Median', 111, 18.9),
(427, 'Median', 111.5, 19.1),
(428, 'Median', 112, 19.2),
(429, 'Median', 112.5, 19.4),
(430, 'Median', 113, 19.6),
(431, 'Median', 113.5, 19.8),
(432, 'Median', 114, 20),
(433, 'Median', 114.5, 20.2),
(434, 'Median', 115, 20.4),
(435, 'Median', 115.5, 20.6),
(436, 'Median', 116, 20.8),
(437, 'Median', 116.5, 21),
(438, 'Median', 117, 21.2),
(439, 'Median', 117.5, 21.4),
(440, 'Median', 118, 21.6),
(441, 'Median', 118.5, 21.8),
(442, 'Median', 119, 22),
(443, 'Median', 119.5, 22.2),
(444, 'Median', 120, 22.4),
(445, '+1 SD', 65, 8.1),
(446, '+1 SD', 65.5, 8.2),
(447, '+1 SD', 66, 8.3),
(448, '+1 SD', 66.5, 8.5),
(449, '+1 SD', 67, 8.6),
(450, '+1 SD', 67.5, 8.7),
(451, '+1 SD', 68, 8.8),
(452, '+1 SD', 68.5, 9),
(453, '+1 SD', 69, 9.1),
(454, '+1 SD', 69.5, 9.2),
(455, '+1 SD', 70, 9.3),
(456, '+1 SD', 70.5, 9.5),
(457, '+1 SD', 71, 9.6),
(458, '+1 SD', 71.5, 9.7),
(459, '+1 SD', 72, 9.8),
(460, '+1 SD', 72.5, 9.9),
(461, '+1 SD', 73, 10),
(462, '+1 SD', 73.5, 10.2),
(463, '+1 SD', 74, 10.3),
(464, '+1 SD', 74.5, 10.4),
(465, '+1 SD', 75, 10.5),
(466, '+1 SD', 75.5, 10.6),
(467, '+1 SD', 76, 10.7),
(468, '+1 SD', 76.5, 10.8),
(469, '+1 SD', 77, 10.9),
(470, '+1 SD', 77.5, 11),
(471, '+1 SD', 78, 11.1),
(472, '+1 SD', 78.5, 11.2),
(473, '+1 SD', 79, 11.3),
(474, '+1 SD', 79.5, 11.4),
(475, '+1 SD', 80, 11.5),
(476, '+1 SD', 80.5, 11.6),
(477, '+1 SD', 81, 11.7),
(478, '+1 SD', 81.5, 11.8),
(479, '+1 SD', 82, 11.9),
(480, '+1 SD', 82.5, 12.1),
(481, '+1 SD', 83, 12.2),
(482, '+1 SD', 83.5, 12.3),
(483, '+1 SD', 84, 12.4),
(484, '+1 SD', 84.5, 12.5),
(485, '+1 SD', 85, 12.7),
(486, '+1 SD', 85.5, 12.8),
(487, '+1 SD', 86, 12.9),
(488, '+1 SD', 86.5, 13.1),
(489, '+1 SD', 87, 13.2),
(490, '+1 SD', 87.5, 13.3),
(491, '+1 SD', 88, 13.5),
(492, '+1 SD', 88.5, 13.6),
(493, '+1 SD', 89, 13.7),
(494, '+1 SD', 89.5, 13.9),
(495, '+1 SD', 90, 14),
(496, '+1 SD', 90.5, 14.1),
(497, '+1 SD', 91, 14.2),
(498, '+1 SD', 91.5, 14.4),
(499, '+1 SD', 92, 14.5),
(500, '+1 SD', 92.5, 14.6),
(501, '+1 SD', 93, 14.7),
(502, '+1 SD', 93.5, 14.9),
(503, '+1 SD', 94, 15),
(504, '+1 SD', 94.5, 15.1),
(505, '+1 SD', 95, 15.3),
(506, '+1 SD', 95.5, 15.4),
(507, '+1 SD', 96, 15.5),
(508, '+1 SD', 96.5, 15.7),
(509, '+1 SD', 97, 15.8),
(510, '+1 SD', 97.5, 15.9),
(511, '+1 SD', 98, 16.1),
(512, '+1 SD', 98.5, 16.2),
(513, '+1 SD', 99, 16.4),
(514, '+1 SD', 99.5, 16.5),
(515, '+1 SD', 100, 16.7),
(516, '+1 SD', 100.5, 16.9),
(517, '+1 SD', 101, 17),
(518, '+1 SD', 101.5, 17.2),
(519, '+1 SD', 102, 17.3),
(520, '+1 SD', 102.5, 17.5),
(521, '+1 SD', 103, 17.7),
(522, '+1 SD', 103.5, 17.8),
(523, '+1 SD', 104, 18),
(524, '+1 SD', 104.5, 18.2),
(525, '+1 SD', 105, 18.4),
(526, '+1 SD', 105.5, 18.5),
(527, '+1 SD', 106, 18.7),
(528, '+1 SD', 106.5, 18.9),
(529, '+1 SD', 107, 19.1),
(530, '+1 SD', 107.5, 19.3),
(531, '+1 SD', 108, 19.5),
(532, '+1 SD', 108.5, 19.7),
(533, '+1 SD', 109, 19.8),
(534, '+1 SD', 109.5, 20),
(535, '+1 SD', 110, 20.2),
(536, '+1 SD', 110.5, 20.4),
(537, '+1 SD', 111, 20.7),
(538, '+1 SD', 111.5, 20.9),
(539, '+1 SD', 112, 21.1),
(540, '+1 SD', 112.5, 21.3),
(541, '+1 SD', 113, 21.5),
(542, '+1 SD', 113.5, 21.7),
(543, '+1 SD', 114, 21.9),
(544, '+1 SD', 114.5, 22.1),
(545, '+1 SD', 115, 22.4),
(546, '+1 SD', 115.5, 22.6),
(547, '+1 SD', 116, 22.8),
(548, '+1 SD', 116.5, 23),
(549, '+1 SD', 117, 23.3),
(550, '+1 SD', 117.5, 23.5),
(551, '+1 SD', 118, 23.7),
(552, '+1 SD', 118.5, 23.9),
(553, '+1 SD', 119, 24.1),
(554, '+1 SD', 119.5, 24.4),
(555, '+1 SD', 120, 24.6),
(556, '+2 SD', 65, 8.8),
(557, '+2 SD', 65.5, 8.9),
(558, '+2 SD', 66, 9.1),
(559, '+2 SD', 66.5, 9.2),
(560, '+2 SD', 67, 9.4),
(561, '+2 SD', 67.5, 9.5),
(562, '+2 SD', 68, 9.6),
(563, '+2 SD', 68.5, 9.8),
(564, '+2 SD', 69, 9.9),
(565, '+2 SD', 69.5, 10),
(566, '+2 SD', 70, 10.2),
(567, '+2 SD', 70.5, 10.3),
(568, '+2 SD', 71, 10.4),
(569, '+2 SD', 71.5, 10.6),
(570, '+2 SD', 72, 10.7),
(571, '+2 SD', 72.5, 10.8),
(572, '+2 SD', 73, 11),
(573, '+2 SD', 73.5, 11.1),
(574, '+2 SD', 74, 11.2),
(575, '+2 SD', 74.5, 11.3),
(576, '+2 SD', 75, 11.4),
(577, '+2 SD', 75.5, 11.6),
(578, '+2 SD', 76, 11.7),
(579, '+2 SD', 76.5, 11.8),
(580, '+2 SD', 77, 11.9),
(581, '+2 SD', 77.5, 12),
(582, '+2 SD', 78, 12.1),
(583, '+2 SD', 78.5, 12.2),
(584, '+2 SD', 79, 12.3),
(585, '+2 SD', 79.5, 12.4),
(586, '+2 SD', 80, 12.6),
(587, '+2 SD', 80.5, 12.7),
(588, '+2 SD', 81, 12.8),
(589, '+2 SD', 81.5, 12.9),
(590, '+2 SD', 82, 13),
(591, '+2 SD', 82.5, 13.1),
(592, '+2 SD', 83, 13.3),
(593, '+2 SD', 83.5, 13.4),
(594, '+2 SD', 84, 13.5),
(595, '+2 SD', 84.5, 13.7),
(596, '+2 SD', 85, 13.8),
(597, '+2 SD', 85.5, 13.9),
(598, '+2 SD', 86, 14.1),
(599, '+2 SD', 86.5, 14.2),
(600, '+2 SD', 87, 14.4),
(601, '+2 SD', 87.5, 14.5),
(602, '+2 SD', 88, 14.7),
(603, '+2 SD', 88.5, 14.8),
(604, '+2 SD', 89, 14.9),
(605, '+2 SD', 89.5, 15.1),
(606, '+2 SD', 90, 15.2),
(607, '+2 SD', 90.5, 15.3),
(608, '+2 SD', 91, 15.5),
(609, '+2 SD', 91.5, 15.6),
(610, '+2 SD', 92, 15.8),
(611, '+2 SD', 92.5, 15.9),
(612, '+2 SD', 93, 16),
(613, '+2 SD', 93.5, 16.2),
(614, '+2 SD', 94, 16.3),
(615, '+2 SD', 94.5, 16.5),
(616, '+2 SD', 95, 16.6),
(617, '+2 SD', 95.5, 16.7),
(618, '+2 SD', 96, 16.9),
(619, '+2 SD', 96.5, 17),
(620, '+2 SD', 97, 17.2),
(621, '+2 SD', 97.5, 17.4),
(622, '+2 SD', 98, 17.5),
(623, '+2 SD', 98.5, 17.7),
(624, '+2 SD', 99, 17.9),
(625, '+2 SD', 99.5, 18),
(626, '+2 SD', 100, 18.2),
(627, '+2 SD', 100.5, 18.4),
(628, '+2 SD', 101, 18.5),
(629, '+2 SD', 101.5, 18.7),
(630, '+2 SD', 102, 18.9),
(631, '+2 SD', 102.5, 19.1),
(632, '+2 SD', 103, 19.3),
(633, '+2 SD', 103.5, 19.5),
(634, '+2 SD', 104, 19.7),
(635, '+2 SD', 104.5, 19.9),
(636, '+2 SD', 105, 20.1),
(637, '+2 SD', 105.5, 20.3),
(638, '+2 SD', 106, 20.5),
(639, '+2 SD', 106.5, 20.7),
(640, '+2 SD', 107, 20.9),
(641, '+2 SD', 107.5, 21.1),
(642, '+2 SD', 108, 21.3),
(643, '+2 SD', 108.5, 21.5),
(644, '+2 SD', 109, 21.8),
(645, '+2 SD', 109.5, 22),
(646, '+2 SD', 110, 22.2),
(647, '+2 SD', 110.5, 22.4),
(648, '+2 SD', 111, 22.7),
(649, '+2 SD', 111.5, 22.9),
(650, '+2 SD', 112, 23.1),
(651, '+2 SD', 112.5, 23.4),
(652, '+2 SD', 113, 23.6),
(653, '+2 SD', 113.5, 23.9),
(654, '+2 SD', 114, 24.1),
(655, '+2 SD', 114.5, 24.4),
(656, '+2 SD', 115, 24.6),
(657, '+2 SD', 115.5, 24.9),
(658, '+2 SD', 116, 25.1),
(659, '+2 SD', 116.5, 25.4),
(660, '+2 SD', 117, 25.6),
(661, '+2 SD', 117.5, 25.9),
(662, '+2 SD', 118, 26.1),
(663, '+2 SD', 118.5, 26.4),
(664, '+2 SD', 119, 26.6),
(665, '+2 SD', 119.5, 26.9),
(666, '+2 SD', 120, 27.2),
(667, '+3 SD', 65, 9.6),
(668, '+3 SD', 65.5, 9.8),
(669, '+3 SD', 66, 9.9),
(670, '+3 SD', 66.5, 10.1),
(671, '+3 SD', 67, 10.2),
(672, '+3 SD', 67.5, 10.4),
(673, '+3 SD', 68, 10.5),
(674, '+3 SD', 68.5, 10.7),
(675, '+3 SD', 69, 10.8),
(676, '+3 SD', 69.5, 11),
(677, '+3 SD', 70, 11.1),
(678, '+3 SD', 70.5, 11.3),
(679, '+3 SD', 71, 11.4),
(680, '+3 SD', 71.5, 11.6),
(681, '+3 SD', 72, 11.7),
(682, '+3 SD', 72.5, 11.8),
(683, '+3 SD', 73, 12),
(684, '+3 SD', 73.5, 12.1),
(685, '+3 SD', 74, 12.2),
(686, '+3 SD', 74.5, 12.4),
(687, '+3 SD', 75, 12.5),
(688, '+3 SD', 75.5, 12.6),
(689, '+3 SD', 76, 12.8),
(690, '+3 SD', 76.5, 12.9),
(691, '+3 SD', 77, 13),
(692, '+3 SD', 77.5, 13.1),
(693, '+3 SD', 78, 13.3),
(694, '+3 SD', 78.5, 13.4),
(695, '+3 SD', 79, 13.5),
(696, '+3 SD', 79.5, 13.6),
(697, '+3 SD', 80, 13.7),
(698, '+3 SD', 80.5, 13.8),
(699, '+3 SD', 81, 14),
(700, '+3 SD', 81.5, 14.1),
(701, '+3 SD', 82, 14.2),
(702, '+3 SD', 82.5, 14.4),
(703, '+3 SD', 83, 14.5),
(704, '+3 SD', 83.5, 14.6),
(705, '+3 SD', 84, 14.8),
(706, '+3 SD', 84.5, 14.9),
(707, '+3 SD', 85, 15.1),
(708, '+3 SD', 85.5, 15.2),
(709, '+3 SD', 86, 15.4),
(710, '+3 SD', 86.5, 15.5),
(711, '+3 SD', 87, 15.7),
(712, '+3 SD', 87.5, 15.8),
(713, '+3 SD', 88, 16),
(714, '+3 SD', 88.5, 16.1),
(715, '+3 SD', 89, 16.3),
(716, '+3 SD', 89.5, 16.4),
(717, '+3 SD', 90, 16.6),
(718, '+3 SD', 90.5, 16.7),
(719, '+3 SD', 91, 16.9),
(720, '+3 SD', 91.5, 17),
(721, '+3 SD', 92, 17.2),
(722, '+3 SD', 92.5, 17.3),
(723, '+3 SD', 93, 17.5),
(724, '+3 SD', 93.5, 17.6),
(725, '+3 SD', 94, 17.8),
(726, '+3 SD', 94.5, 17.9),
(727, '+3 SD', 95, 18.1),
(728, '+3 SD', 95.5, 18.3),
(729, '+3 SD', 96, 18.4),
(730, '+3 SD', 96.5, 18.6),
(731, '+3 SD', 97, 18.8),
(732, '+3 SD', 97.5, 18.9),
(733, '+3 SD', 98, 19.1),
(734, '+3 SD', 98.5, 19.3),
(735, '+3 SD', 99, 19.5),
(736, '+3 SD', 99.5, 19.7),
(737, '+3 SD', 100, 19.9),
(738, '+3 SD', 100.5, 20.1),
(739, '+3 SD', 101, 20.3),
(740, '+3 SD', 101.5, 20.5),
(741, '+3 SD', 102, 20.7),
(742, '+3 SD', 102.5, 20.9),
(743, '+3 SD', 103, 21.1),
(744, '+3 SD', 103.5, 21.3),
(745, '+3 SD', 104, 21.6),
(746, '+3 SD', 104.5, 21.8),
(747, '+3 SD', 105, 22),
(748, '+3 SD', 105.5, 22.2),
(749, '+3 SD', 106, 22.5),
(750, '+3 SD', 106.5, 22.7),
(751, '+3 SD', 107, 22.9),
(752, '+3 SD', 107.5, 23.2),
(753, '+3 SD', 108, 23.4),
(754, '+3 SD', 108.5, 23.7),
(755, '+3 SD', 109, 23.9),
(756, '+3 SD', 109.5, 24.2),
(757, '+3 SD', 110, 24.4),
(758, '+3 SD', 110.5, 24.7),
(759, '+3 SD', 111, 25),
(760, '+3 SD', 111.5, 25.2),
(761, '+3 SD', 112, 25.5),
(762, '+3 SD', 112.5, 25.8),
(763, '+3 SD', 113, 26),
(764, '+3 SD', 113.5, 26.3),
(765, '+3 SD', 114, 26.6),
(766, '+3 SD', 114.5, 26.9),
(767, '+3 SD', 115, 27.2),
(768, '+3 SD', 115.5, 27.5),
(769, '+3 SD', 116, 27.8),
(770, '+3 SD', 116.5, 28),
(771, '+3 SD', 117, 28.3),
(772, '+3 SD', 117.5, 28.6),
(773, '+3 SD', 118, 28.9),
(774, '+3 SD', 118.5, 29.2),
(775, '+3 SD', 119, 29.5),
(776, '+3 SD', 119.5, 29.8),
(777, '+3 SD', 120, 30.1);

-- --------------------------------------------------------

--
-- Table structure for table `standart_bb_tb_perempuan`
--

CREATE TABLE `standart_bb_tb_perempuan` (
  `id` bigint(20) UNSIGNED NOT NULL,
  `tb_bb_char` enum('-3 SD','-2 SD','-1 SD','Median','+1 SD','+2 SD','+3 SD') NOT NULL,
  `tb` float NOT NULL,
  `bb` float NOT NULL
) ENGINE=InnoDB DEFAULT CHARSET=utf8mb4;

--
-- Dumping data for table `standart_bb_tb_perempuan`
--

INSERT INTO `standart_bb_tb_perempuan` (`id`, `tb_bb_char`, `tb`, `bb`) VALUES
(1, '-3 SD', 65, 5.6),
(2, '-3 SD', 65.5, 5.7),
(3, '-3 SD', 66, 5.8),
(4, '-3 SD', 66.5, 5.8),
(5, '-3 SD', 67, 5.9),
(6, '-3 SD', 67.5, 6),
(7, '-3 SD', 68, 6.1),
(8, '-3 SD', 68.5, 6.2),
(9, '-3 SD', 69, 6.3),
(10, '-3 SD', 69.5, 6),
(11, '-3 SD', 70, 6.4),
(12, '-3 SD', 70.5, 6.5),
(13, '-3 SD', 71, 6.6),
(14, '-3 SD', 71.5, 6.7),
(15, '-3 SD', 72, 6.7),
(16, '-3 SD', 72.5, 6.8),
(17, '-3 SD', 73, 6.9),
(18, '-3 SD', 73.5, 7),
(19, '-3 SD', 74, 7),
(20, '-3 SD', 74.5, 7.1),
(21, '-3 SD', 75, 7.2),
(22, '-3 SD', 75.5, 7.2),
(23, '-3 SD', 76, 7.3),
(24, '-3 SD', 76.5, 7.4),
(25, '-3 SD', 77, 7.5),
(26, '-3 SD', 77.5, 7.5),
(27, '-3 SD', 78, 7.6),
(28, '-3 SD', 78.5, 7.7),
(29, '-3 SD', 79, 7.8),
(30, '-3 SD', 79.5, 7.8),
(31, '-3 SD', 80, 7.9),
(32, '-3 SD', 80.5, 8),
(33, '-3 SD', 81, 8.1),
(34, '-3 SD', 81.5, 8.2),
(35, '-3 SD', 82, 8.3),
(36, '-3 SD', 82.5, 8.4),
(37, '-3 SD', 83, 8.5),
(38, '-3 SD', 83.5, 8.5),
(39, '-3 SD', 84, 8.6),
(40, '-3 SD', 84.5, 8.7),
(41, '-3 SD', 85, 8.8),
(42, '-3 SD', 85.5, 8.9),
(43, '-3 SD', 86, 9),
(44, '-3 SD', 86.5, 9.1),
(45, '-3 SD', 87, 9.2),
(46, '-3 SD', 87.5, 9.3),
(47, '-3 SD', 88, 9.4),
(48, '-3 SD', 88.5, 9.5),
(49, '-3 SD', 89, 9.6),
(50, '-3 SD', 89.5, 9.7),
(51, '-3 SD', 90, 9.8),
(52, '-3 SD', 90.5, 9.9),
(53, '-3 SD', 91, 10),
(54, '-3 SD', 91.5, 10.1),
(55, '-3 SD', 92, 10.2),
(56, '-3 SD', 92.5, 10.3),
(57, '-3 SD', 93, 10.4),
(58, '-3 SD', 93.5, 10.5),
(59, '-3 SD', 94, 10.6),
(60, '-3 SD', 94.5, 10.7),
(61, '-3 SD', 95, 10.8),
(62, '-3 SD', 95.5, 10.8),
(63, '-3 SD', 96, 10.9),
(64, '-3 SD', 96.5, 11),
(65, '-3 SD', 97, 11.1),
(66, '-3 SD', 97.5, 11.2),
(67, '-3 SD', 98, 11.3),
(68, '-3 SD', 98.5, 11.4),
(69, '-3 SD', 99, 11.5),
(70, '-3 SD', 99.5, 11.6),
(71, '-3 SD', 100, 11.7),
(72, '-3 SD', 100.5, 11.9),
(73, '-3 SD', 101, 12),
(74, '-3 SD', 101.5, 12.1),
(75, '-3 SD', 102, 12.2),
(76, '-3 SD', 102.5, 12.3),
(77, '-3 SD', 103, 12.4),
(78, '-3 SD', 103.5, 12.5),
(79, '-3 SD', 104, 12.6),
(80, '-3 SD', 104.5, 12.8),
(81, '-3 SD', 105, 12.9),
(82, '-3 SD', 105.5, 13),
(83, '-3 SD', 106, 13.1),
(84, '-3 SD', 106.5, 13.3),
(85, '-3 SD', 107, 13.4),
(86, '-3 SD', 107.5, 13.5),
(87, '-3 SD', 108, 13.7),
(88, '-3 SD', 108.5, 13.8),
(89, '-3 SD', 109, 13.9),
(90, '-3 SD', 109.5, 14.1),
(91, '-3 SD', 110, 14.2),
(92, '-3 SD', 110.5, 14.4),
(93, '-3 SD', 111, 14.5),
(94, '-3 SD', 111.5, 14.7),
(95, '-3 SD', 112, 14.8),
(96, '-3 SD', 112.5, 15),
(97, '-3 SD', 113, 15.1),
(98, '-3 SD', 113.5, 15.3),
(99, '-3 SD', 114, 15.4),
(100, '-3 SD', 114.5, 15.6),
(101, '-3 SD', 115, 15.7),
(102, '-3 SD', 115.5, 15.9),
(103, '-3 SD', 116, 16),
(104, '-3 SD', 116.5, 16.2),
(105, '-3 SD', 117, 16.3),
(106, '-3 SD', 117.5, 16.5),
(107, '-3 SD', 118, 16.6),
(108, '-3 SD', 118.5, 16.8),
(109, '-3 SD', 119, 16.9),
(110, '-3 SD', 119.5, 17.1),
(111, '-3 SD', 120, 17.3),
(112, '-2 SD', 65, 6.1),
(113, '-2 SD', 65.5, 6.2),
(114, '-2 SD', 66, 6.3),
(115, '-2 SD', 66.5, 6.4),
(116, '-2 SD', 67, 6.4),
(117, '-2 SD', 67.5, 6.5),
(118, '-2 SD', 68, 6.6),
(119, '-2 SD', 68.5, 6.7),
(120, '-2 SD', 69, 6.8),
(121, '-2 SD', 69.5, 6.9),
(122, '-2 SD', 70, 7),
(123, '-2 SD', 70.5, 7.1),
(124, '-2 SD', 71, 7.1),
(125, '-2 SD', 71.5, 7.2),
(126, '-2 SD', 72, 7.3),
(127, '-2 SD', 72.5, 7.4),
(128, '-2 SD', 73, 7.5),
(129, '-2 SD', 73.5, 7.6),
(130, '-2 SD', 74, 7.6),
(131, '-2 SD', 74.5, 7.7),
(132, '-2 SD', 75, 7.8),
(133, '-2 SD', 75.5, 7.9),
(134, '-2 SD', 76, 8),
(135, '-2 SD', 76.5, 8),
(136, '-2 SD', 77, 8.1),
(137, '-2 SD', 77.5, 8.2),
(138, '-2 SD', 78, 8.3),
(139, '-2 SD', 78.5, 8.4),
(140, '-2 SD', 79, 8.4),
(141, '-2 SD', 79.5, 8.5),
(142, '-2 SD', 80, 8.6),
(143, '-2 SD', 80.5, 8.7),
(144, '-2 SD', 81, 8.8),
(145, '-2 SD', 81.5, 8.9),
(146, '-2 SD', 82, 9),
(147, '-2 SD', 82.5, 9.1),
(148, '-2 SD', 83, 9.2),
(149, '-2 SD', 83.5, 9.3),
(150, '-2 SD', 84, 9.4),
(151, '-2 SD', 84.5, 9.5),
(152, '-2 SD', 85, 9.6),
(153, '-2 SD', 85.5, 9.7),
(154, '-2 SD', 86, 9.8),
(155, '-2 SD', 86.5, 9.9),
(156, '-2 SD', 87, 10),
(157, '-2 SD', 87.5, 10.1),
(158, '-2 SD', 88, 10.2),
(159, '-2 SD', 88.5, 10.3),
(160, '-2 SD', 89, 10.4),
(161, '-2 SD', 89.5, 10.5),
(162, '-2 SD', 90, 10.6),
(163, '-2 SD', 90.5, 10.7),
(164, '-2 SD', 91, 10.9),
(165, '-2 SD', 91.5, 11),
(166, '-2 SD', 92, 11.1),
(167, '-2 SD', 92.5, 11.2),
(168, '-2 SD', 93, 11.3),
(169, '-2 SD', 93.5, 11.4),
(170, '-2 SD', 94, 11.5),
(171, '-2 SD', 94.5, 11.6),
(172, '-2 SD', 95, 11.7),
(173, '-2 SD', 95.5, 11.8),
(174, '-2 SD', 96, 11.9),
(175, '-2 SD', 96.5, 12),
(176, '-2 SD', 97, 12.1),
(177, '-2 SD', 97.5, 12.2),
(178, '-2 SD', 98, 12.3),
(179, '-2 SD', 98.5, 12.4),
(180, '-2 SD', 99, 12.5),
(181, '-2 SD', 99.5, 12.7),
(182, '-2 SD', 100, 12.8),
(183, '-2 SD', 100.5, 12.9),
(184, '-2 SD', 101, 13),
(185, '-2 SD', 101.5, 13.1),
(186, '-2 SD', 102, 13.3),
(187, '-2 SD', 102.5, 13.4),
(188, '-2 SD', 103, 13.5),
(189, '-2 SD', 103.5, 13.6),
(190, '-2 SD', 104, 13.8),
(191, '-2 SD', 104.5, 13.9),
(192, '-2 SD', 105, 14),
(193, '-2 SD', 105.5, 14.2),
(194, '-2 SD', 106, 14.3),
(195, '-2 SD', 106.5, 14.5),
(196, '-2 SD', 107, 14.6),
(197, '-2 SD', 107.5, 14.7),
(198, '-2 SD', 108, 14.9),
(199, '-2 SD', 108.5, 15),
(200, '-2 SD', 109, 15.2),
(201, '-2 SD', 109.5, 15.4),
(202, '-2 SD', 110, 15.5),
(203, '-2 SD', 110.5, 15.7),
(204, '-2 SD', 111, 15.8),
(205, '-2 SD', 111.5, 16),
(206, '-2 SD', 112, 16.2),
(207, '-2 SD', 112.5, 16.3),
(208, '-2 SD', 113, 16.5),
(209, '-2 SD', 113.5, 16.7),
(210, '-2 SD', 114, 16.8),
(211, '-2 SD', 114.5, 17),
(212, '-2 SD', 115, 17.2),
(213, '-2 SD', 115.5, 17.3),
(214, '-2 SD', 116, 17.5),
(215, '-2 SD', 116.5, 17.7),
(216, '-2 SD', 117, 17.8),
(217, '-2 SD', 117.5, 18),
(218, '-2 SD', 118, 18.2),
(219, '-2 SD', 118.5, 18.4),
(220, '-2 SD', 119, 18.5),
(221, '-2 SD', 119.5, 18.7),
(222, '-2 SD', 120, 18.9),
(223, '-1 SD', 65, 6.6),
(224, '-1 SD', 65.5, 6.7),
(225, '-1 SD', 66, 6.8),
(226, '-1 SD', 66.5, 6.9),
(227, '-1 SD', 67, 7),
(228, '-1 SD', 67.5, 7.1),
(229, '-1 SD', 68, 7.2),
(230, '-1 SD', 68.5, 7.3),
(231, '-1 SD', 69, 7.4),
(232, '-1 SD', 69.5, 7.5),
(233, '-1 SD', 70, 7.6),
(234, '-1 SD', 70.5, 7.7),
(235, '-1 SD', 71, 7.8),
(236, '-1 SD', 71.5, 7.9),
(237, '-1 SD', 72, 8),
(238, '-1 SD', 72.5, 8.1),
(239, '-1 SD', 73, 8.1),
(240, '-1 SD', 73.5, 8.2),
(241, '-1 SD', 74, 8.3),
(242, '-1 SD', 74.5, 8.4),
(243, '-1 SD', 75, 8.5),
(244, '-1 SD', 75.5, 8.6),
(245, '-1 SD', 76, 8.7),
(246, '-1 SD', 76.5, 8.7),
(247, '-1 SD', 77, 8.8),
(248, '-1 SD', 77.5, 8.9),
(249, '-1 SD', 78, 9),
(250, '-1 SD', 78.5, 9.1),
(251, '-1 SD', 79, 9.2),
(252, '-1 SD', 79.5, 9.3),
(253, '-1 SD', 80, 9.4),
(254, '-1 SD', 80.5, 9.5),
(255, '-1 SD', 81, 9.6),
(256, '-1 SD', 81.5, 9.7),
(257, '-1 SD', 82, 9.8),
(258, '-1 SD', 82.5, 9.9),
(259, '-1 SD', 83, 10),
(260, '-1 SD', 83.5, 10.1),
(261, '-1 SD', 84, 10.2),
(262, '-1 SD', 84.5, 10.3),
(263, '-1 SD', 85, 10.4),
(264, '-1 SD', 85.5, 10.6),
(265, '-1 SD', 86, 10.7),
(266, '-1 SD', 86.5, 10.8),
(267, '-1 SD', 87, 10.9),
(268, '-1 SD', 87.5, 11),
(269, '-1 SD', 88, 11.1),
(270, '-1 SD', 88.5, 11.2),
(271, '-1 SD', 89, 11.4),
(272, '-1 SD', 89.5, 11.5),
(273, '-1 SD', 90, 11.6),
(274, '-1 SD', 90.5, 11.7),
(275, '-1 SD', 91, 11.8),
(276, '-1 SD', 91.5, 11.9),
(277, '-1 SD', 92, 12),
(278, '-1 SD', 92.5, 12.1),
(279, '-1 SD', 93, 12.3),
(280, '-1 SD', 93.5, 12.4),
(281, '-1 SD', 94, 12.5),
(282, '-1 SD', 94.5, 12.6),
(283, '-1 SD', 95, 12.7),
(284, '-1 SD', 95.5, 12.8),
(285, '-1 SD', 96, 12.9),
(286, '-1 SD', 96.5, 13.1),
(287, '-1 SD', 97, 13.2),
(288, '-1 SD', 97.5, 13.3),
(289, '-1 SD', 98, 13.4),
(290, '-1 SD', 98.5, 13.5),
(291, '-1 SD', 99, 13.7),
(292, '-1 SD', 99.5, 13.8),
(293, '-1 SD', 100, 13.9),
(294, '-1 SD', 100.5, 14.1),
(295, '-1 SD', 101, 14.2),
(296, '-1 SD', 101.5, 14.3),
(297, '-1 SD', 102, 14.5),
(298, '-1 SD', 102.5, 14.6),
(299, '-1 SD', 103, 14.7),
(300, '-1 SD', 103.5, 14.9),
(301, '-1 SD', 104, 15),
(302, '-1 SD', 104.5, 15.2),
(303, '-1 SD', 105, 15.3),
(304, '-1 SD', 105.5, 15.5),
(305, '-1 SD', 106, 15.6),
(306, '-1 SD', 106.5, 15.8),
(307, '-1 SD', 107, 15.9),
(308, '-1 SD', 107.5, 16.1),
(309, '-1 SD', 108, 16.3),
(310, '-1 SD', 108.5, 16.4),
(311, '-1 SD', 109, 16.6),
(312, '-1 SD', 109.5, 16.8),
(313, '-1 SD', 110, 17),
(314, '-1 SD', 110.5, 17.1),
(315, '-1 SD', 111, 17.3),
(316, '-1 SD', 111.5, 17.5),
(317, '-1 SD', 112, 17.7),
(318, '-1 SD', 112.5, 17.9),
(319, '-1 SD', 113, 18),
(320, '-1 SD', 113.5, 18.2),
(321, '-1 SD', 114, 18.4),
(322, '-1 SD', 114.5, 18.6),
(323, '-1 SD', 115, 18.8),
(324, '-1 SD', 115.5, 19),
(325, '-1 SD', 116, 19.2),
(326, '-1 SD', 116.5, 19.4),
(327, '-1 SD', 117, 19.6),
(328, '-1 SD', 117.5, 19.8),
(329, '-1 SD', 118, 19.9),
(330, '-1 SD', 118.5, 20.1),
(331, '-1 SD', 119, 20.3),
(332, '-1 SD', 119.5, 20.5),
(333, '-1 SD', 120, 20.7),
(334, 'Median', 65, 7.2),
(335, 'Median', 65.5, 7.4),
(336, 'Median', 66, 7.5),
(337, 'Median', 66.5, 7.6),
(338, 'Median', 67, 7.7),
(339, 'Median', 67.5, 7.8),
(340, 'Median', 68, 7.9),
(341, 'Median', 68.5, 8),
(342, 'Median', 69, 8.1),
(343, 'Median', 69.5, 8.2),
(344, 'Median', 70, 8.3),
(345, 'Median', 70.5, 8.4),
(346, 'Median', 71, 8.5),
(347, 'Median', 71.5, 8.6),
(348, 'Median', 72, 8.7),
(349, 'Median', 72.5, 8.8),
(350, 'Median', 73, 8.9),
(351, 'Median', 73.5, 9),
(352, 'Median', 74, 9.1),
(353, 'Median', 74.5, 9.2),
(354, 'Median', 75, 9.3),
(355, 'Median', 75.5, 9.4),
(356, 'Median', 76, 9.5),
(357, 'Median', 76.5, 9.6),
(358, 'Median', 77, 9.6),
(359, 'Median', 77.5, 9.7),
(360, 'Median', 78, 9.8),
(361, 'Median', 78.5, 9.9),
(362, 'Median', 79, 10),
(363, 'Median', 79.5, 10.1),
(364, 'Median', 80, 10.2),
(365, 'Median', 80.5, 10.3),
(366, 'Median', 81, 10.4),
(367, 'Median', 81.5, 10.6),
(368, 'Median', 82, 10.7),
(369, 'Median', 82.5, 10.8),
(370, 'Median', 83, 10.9),
(371, 'Median', 83.5, 11),
(372, 'Median', 84, 11.1),
(373, 'Median', 84.5, 11.3),
(374, 'Median', 85, 11.4),
(375, 'Median', 85.5, 11.5),
(376, 'Median', 86, 11.6),
(377, 'Median', 86.5, 11.8),
(378, 'Median', 87, 11.9),
(379, 'Median', 87.5, 12),
(380, 'Median', 88, 12.1),
(381, 'Median', 88.5, 12.3),
(382, 'Median', 89, 12.4),
(383, 'Median', 89.5, 12.5),
(384, 'Median', 90, 12.6),
(385, 'Median', 90.5, 12.8),
(386, 'Median', 91, 12.9),
(387, 'Median', 91.5, 13),
(388, 'Median', 92, 13.1),
(389, 'Median', 92.5, 13.3),
(390, 'Median', 93, 13.4),
(391, 'Median', 93.5, 13.5),
(392, 'Median', 94, 13.6),
(393, 'Median', 94.5, 13.8),
(394, 'Median', 95, 13.9),
(395, 'Median', 95.5, 14),
(396, 'Median', 96, 14.1),
(397, 'Median', 96.5, 14.3),
(398, 'Median', 97, 14.4),
(399, 'Median', 97.5, 14.5),
(400, 'Median', 98, 14.7),
(401, 'Median', 98.5, 14.8),
(402, 'Median', 99, 14.9),
(403, 'Median', 99.5, 15.1),
(404, 'Median', 100, 15.2),
(405, 'Median', 100.5, 15.4),
(406, 'Median', 101, 15.5),
(407, 'Median', 101.5, 15.7),
(408, 'Median', 102, 15.8),
(409, 'Median', 102.5, 16),
(410, 'Median', 103, 16.1),
(411, 'Median', 103.5, 16.3),
(412, 'Median', 104, 16.4),
(413, 'Median', 104.5, 16.6),
(414, 'Median', 105, 16.8),
(415, 'Median', 105.5, 16.9),
(416, 'Median', 106, 17.1),
(417, 'Median', 106.5, 17.3),
(418, 'Median', 107, 17.5),
(419, 'Median', 107.5, 17.7),
(420, 'Median', 108, 17.8),
(421, 'Median', 108.5, 18),
(422, 'Median', 109, 18.2),
(423, 'Median', 109.5, 18.4),
(424, 'Median', 110, 18.6),
(425, 'Median', 110.5, 18.8),
(426, 'Median', 111, 19),
(427, 'Median', 111.5, 19.2),
(428, 'Median', 112, 19.4),
(429, 'Median', 112.5, 19.6),
(430, 'Median', 113, 19.8),
(431, 'Median', 113.5, 20),
(432, 'Median', 114, 20.2),
(433, 'Median', 114.5, 20.5),
(434, 'Median', 115, 20.7),
(435, 'Median', 115.5, 20.9),
(436, 'Median', 116, 21.1),
(437, 'Median', 116.5, 21.3),
(438, 'Median', 117, 21.5),
(439, 'Median', 117.5, 21.7),
(440, 'Median', 118, 22),
(441, 'Median', 118.5, 22.2),
(442, 'Median', 119, 22.4),
(443, 'Median', 119.5, 22.6),
(444, 'Median', 120, 22.8),
(445, '+1 SD', 65, 7.9),
(446, '+1 SD', 65.5, 8.1),
(447, '+1 SD', 66, 8.2),
(448, '+1 SD', 66.5, 8.3),
(449, '+1 SD', 67, 8.4),
(450, '+1 SD', 67.5, 8.5),
(451, '+1 SD', 68, 8.7),
(452, '+1 SD', 68.5, 8.8),
(453, '+1 SD', 69, 8.9),
(454, '+1 SD', 69.5, 9),
(455, '+1 SD', 70, 9.1),
(456, '+1 SD', 70.5, 9.2),
(457, '+1 SD', 71, 9.3),
(458, '+1 SD', 71.5, 9.4),
(459, '+1 SD', 72, 9.5),
(460, '+1 SD', 72.5, 9.7),
(461, '+1 SD', 73, 9.8),
(462, '+1 SD', 73.5, 9.9),
(463, '+1 SD', 74, 10),
(464, '+1 SD', 74.5, 10.1),
(465, '+1 SD', 75, 10.2),
(466, '+1 SD', 75.5, 10.3),
(467, '+1 SD', 76, 10.4),
(468, '+1 SD', 76.5, 10.5),
(469, '+1 SD', 77, 10.6),
(470, '+1 SD', 77.5, 10.7),
(471, '+1 SD', 78, 10.8),
(472, '+1 SD', 78.5, 10.9),
(473, '+1 SD', 79, 11),
(474, '+1 SD', 79.5, 11.1),
(475, '+1 SD', 80, 11.2),
(476, '+1 SD', 80.5, 11.3),
(477, '+1 SD', 81, 11.4),
(478, '+1 SD', 81.5, 11.6),
(479, '+1 SD', 82, 11.7),
(480, '+1 SD', 82.5, 11.8),
(481, '+1 SD', 83, 11.9),
(482, '+1 SD', 83.5, 12.1),
(483, '+1 SD', 84, 12.2),
(484, '+1 SD', 84.5, 12.3),
(485, '+1 SD', 85, 12.5),
(486, '+1 SD', 85.5, 12.6),
(487, '+1 SD', 86, 12.7),
(488, '+1 SD', 86.5, 12.9),
(489, '+1 SD', 87, 13),
(490, '+1 SD', 87.5, 13.2),
(491, '+1 SD', 88, 13.3),
(492, '+1 SD', 88.5, 13.4),
(493, '+1 SD', 89, 13.6),
(494, '+1 SD', 89.5, 13.7),
(495, '+1 SD', 90, 13.8),
(496, '+1 SD', 90.5, 14),
(497, '+1 SD', 91, 14.1),
(498, '+1 SD', 91.5, 14.3),
(499, '+1 SD', 92, 14.4),
(500, '+1 SD', 92.5, 14.5),
(501, '+1 SD', 93, 14.7),
(502, '+1 SD', 93.5, 14.8),
(503, '+1 SD', 94, 14.9),
(504, '+1 SD', 94.5, 15.1),
(505, '+1 SD', 95, 15.2),
(506, '+1 SD', 95.5, 15.4),
(507, '+1 SD', 96, 15.5),
(508, '+1 SD', 96.5, 15.6),
(509, '+1 SD', 97, 15.8),
(510, '+1 SD', 97.5, 15.9),
(511, '+1 SD', 98, 16.1),
(512, '+1 SD', 98.5, 16.2),
(513, '+1 SD', 99, 16.4),
(514, '+1 SD', 99.5, 16.5),
(515, '+1 SD', 100, 16.7),
(516, '+1 SD', 100.5, 16.9),
(517, '+1 SD', 101, 17),
(518, '+1 SD', 101.5, 17.2),
(519, '+1 SD', 102, 17.4),
(520, '+1 SD', 102.5, 17.5),
(521, '+1 SD', 103, 17.7),
(522, '+1 SD', 103.5, 17.9),
(523, '+1 SD', 104, 18.1),
(524, '+1 SD', 104.5, 18.2),
(525, '+1 SD', 105, 18.4),
(526, '+1 SD', 105.5, 18.6),
(527, '+1 SD', 106, 18.8),
(528, '+1 SD', 106.5, 19),
(529, '+1 SD', 107, 19.2),
(530, '+1 SD', 107.5, 19.4),
(531, '+1 SD', 108, 19.6),
(532, '+1 SD', 108.5, 19.8),
(533, '+1 SD', 109, 20),
(534, '+1 SD', 109.5, 20.3),
(535, '+1 SD', 110, 20.5),
(536, '+1 SD', 110.5, 20.7),
(537, '+1 SD', 111, 20.9),
(538, '+1 SD', 111.5, 21.2),
(539, '+1 SD', 112, 21.4),
(540, '+1 SD', 112.5, 21.6),
(541, '+1 SD', 113, 21.8),
(542, '+1 SD', 113.5, 22.1),
(543, '+1 SD', 114, 22.3),
(544, '+1 SD', 114.5, 22.6),
(545, '+1 SD', 115, 22.8),
(546, '+1 SD', 115.5, 23),
(547, '+1 SD', 116, 23.3),
(548, '+1 SD', 116.5, 23.5),
(549, '+1 SD', 117, 23.8),
(550, '+1 SD', 117.5, 24),
(551, '+1 SD', 118, 24.2),
(552, '+1 SD', 118.5, 24.5),
(553, '+1 SD', 119, 24.7),
(554, '+1 SD', 119.5, 25),
(555, '+1 SD', 120, 25.2),
(556, '+2 SD', 65, 8.7),
(557, '+2 SD', 65.5, 8.9),
(558, '+2 SD', 66, 9),
(559, '+2 SD', 66.5, 9.1),
(560, '+2 SD', 67, 9.3),
(561, '+2 SD', 67.5, 9.4),
(562, '+2 SD', 68, 9.5),
(563, '+2 SD', 68.5, 9.7),
(564, '+2 SD', 69, 9.8),
(565, '+2 SD', 69.5, 9.9),
(566, '+2 SD', 70, 10),
(567, '+2 SD', 70.5, 10.1),
(568, '+2 SD', 71, 10.3),
(569, '+2 SD', 71.5, 10.4),
(570, '+2 SD', 72, 10.5),
(571, '+2 SD', 72.5, 10.6),
(572, '+2 SD', 73, 10.7),
(573, '+2 SD', 73.5, 10.8),
(574, '+2 SD', 74, 11),
(575, '+2 SD', 74.5, 11.1),
(576, '+2 SD', 75, 11.2),
(577, '+2 SD', 75.5, 11.3),
(578, '+2 SD', 76, 11.4),
(579, '+2 SD', 76.5, 11.5),
(580, '+2 SD', 77, 11.6),
(581, '+2 SD', 77.5, 11.7),
(582, '+2 SD', 78, 11.8),
(583, '+2 SD', 78.5, 12),
(584, '+2 SD', 79, 12.1),
(585, '+2 SD', 79.5, 12.2),
(586, '+2 SD', 80, 12.3),
(587, '+2 SD', 80.5, 12.4),
(588, '+2 SD', 81, 12.6),
(589, '+2 SD', 81.5, 12.7),
(590, '+2 SD', 82, 12.8),
(591, '+2 SD', 82.5, 13),
(592, '+2 SD', 83, 13.1),
(593, '+2 SD', 83.5, 13.3),
(594, '+2 SD', 84, 13.4),
(595, '+2 SD', 84.5, 13.5),
(596, '+2 SD', 85, 13.7),
(597, '+2 SD', 85.5, 13.8),
(598, '+2 SD', 86, 14),
(599, '+2 SD', 86.5, 14.2),
(600, '+2 SD', 87, 14.3),
(601, '+2 SD', 87.5, 14.5),
(602, '+2 SD', 88, 14.6),
(603, '+2 SD', 88.5, 14.8),
(604, '+2 SD', 89, 14.9),
(605, '+2 SD', 89.5, 15.1),
(606, '+2 SD', 90, 15.2),
(607, '+2 SD', 90.5, 15.4),
(608, '+2 SD', 91, 15.5),
(609, '+2 SD', 91.5, 15.7),
(610, '+2 SD', 92, 15.8),
(611, '+2 SD', 92.5, 16),
(612, '+2 SD', 93, 16.1),
(613, '+2 SD', 93.5, 16.3),
(614, '+2 SD', 94, 16.4),
(615, '+2 SD', 94.5, 16.6),
(616, '+2 SD', 95, 16.7),
(617, '+2 SD', 95.5, 16.9),
(618, '+2 SD', 96, 17),
(619, '+2 SD', 96.5, 17.2),
(620, '+2 SD', 97, 17.4),
(621, '+2 SD', 97.5, 17.5),
(622, '+2 SD', 98, 17.7),
(623, '+2 SD', 98.5, 17.9),
(624, '+2 SD', 99, 18),
(625, '+2 SD', 99.5, 18.2),
(626, '+2 SD', 100, 18.4),
(627, '+2 SD', 100.5, 18.6),
(628, '+2 SD', 101, 18.7),
(629, '+2 SD', 101.5, 18.9),
(630, '+2 SD', 102, 19.1),
(631, '+2 SD', 102.5, 19.3),
(632, '+2 SD', 103, 19.5),
(633, '+2 SD', 103.5, 19.7),
(634, '+2 SD', 104, 19.9),
(635, '+2 SD', 104.5, 20.1),
(636, '+2 SD', 105, 20.3),
(637, '+2 SD', 105.5, 20.5),
(638, '+2 SD', 106, 20.8),
(639, '+2 SD', 106.5, 21),
(640, '+2 SD', 107, 21.2),
(641, '+2 SD', 107.5, 21.4),
(642, '+2 SD', 108, 21.7),
(643, '+2 SD', 108.5, 21.9),
(644, '+2 SD', 109, 22.1),
(645, '+2 SD', 109.5, 22.4),
(646, '+2 SD', 110, 22.6),
(647, '+2 SD', 110.5, 22.9),
(648, '+2 SD', 111, 23.1),
(649, '+2 SD', 111.5, 23.4),
(650, '+2 SD', 112, 23.6),
(651, '+2 SD', 112.5, 23.9),
(652, '+2 SD', 113, 24.2),
(653, '+2 SD', 113.5, 24.4),
(654, '+2 SD', 114, 24.7),
(655, '+2 SD', 114.5, 25),
(656, '+2 SD', 115, 25.2),
(657, '+2 SD', 115.5, 25.5),
(658, '+2 SD', 116, 25.8),
(659, '+2 SD', 116.5, 26.1),
(660, '+2 SD', 117, 26.3),
(661, '+2 SD', 117.5, 26.6),
(662, '+2 SD', 118, 26.9),
(663, '+2 SD', 118.5, 27.2),
(664, '+2 SD', 119, 27.4),
(665, '+2 SD', 119.5, 27.7),
(666, '+2 SD', 120, 28),
(667, '+3 SD', 65, 9.7),
(668, '+3 SD', 65.5, 9.8),
(669, '+3 SD', 66, 10),
(670, '+3 SD', 66.5, 10.1),
(671, '+3 SD', 67, 10.2),
(672, '+3 SD', 67.5, 10.4),
(673, '+3 SD', 68, 10.5),
(674, '+3 SD', 68.5, 10.7),
(675, '+3 SD', 69, 10.8),
(676, '+3 SD', 69.5, 10.9),
(677, '+3 SD', 70, 11.1),
(678, '+3 SD', 70.5, 11.2),
(679, '+3 SD', 71, 11.3),
(680, '+3 SD', 71.5, 11.5),
(681, '+3 SD', 72, 11.6),
(682, '+3 SD', 72.5, 11.7),
(683, '+3 SD', 73, 11.8),
(684, '+3 SD', 73.5, 12),
(685, '+3 SD', 74, 12.1),
(686, '+3 SD', 74.5, 12.2),
(687, '+3 SD', 75, 12.3),
(688, '+3 SD', 75.5, 12.5),
(689, '+3 SD', 76, 12.6),
(690, '+3 SD', 76.5, 12.7),
(691, '+3 SD', 77, 12.8),
(692, '+3 SD', 77.5, 12.9),
(693, '+3 SD', 78, 13.1),
(694, '+3 SD', 78.5, 13.2),
(695, '+3 SD', 79, 13.3),
(696, '+3 SD', 79.5, 13.4),
(697, '+3 SD', 80, 13.6),
(698, '+3 SD', 80.5, 13.7),
(699, '+3 SD', 81, 13.9),
(700, '+3 SD', 81.5, 14),
(701, '+3 SD', 82, 14.1),
(702, '+3 SD', 82.5, 14.3),
(703, '+3 SD', 83, 14.5),
(704, '+3 SD', 83.5, 14.6),
(705, '+3 SD', 84, 14.8),
(706, '+3 SD', 84.5, 14.9),
(707, '+3 SD', 85, 15.1),
(708, '+3 SD', 85.5, 15.3),
(709, '+3 SD', 86, 15.4),
(710, '+3 SD', 86.5, 15.6),
(711, '+3 SD', 87, 15.8),
(712, '+3 SD', 87.5, 15.9),
(713, '+3 SD', 88, 16.1),
(714, '+3 SD', 88.5, 16.3),
(715, '+3 SD', 89, 16.4),
(716, '+3 SD', 89.5, 16.6),
(717, '+3 SD', 90, 16.8),
(718, '+3 SD', 90.5, 16.9),
(719, '+3 SD', 91, 17.1),
(720, '+3 SD', 91.5, 17.3),
(721, '+3 SD', 92, 17.4),
(722, '+3 SD', 92.5, 17.6),
(723, '+3 SD', 93, 17.8),
(724, '+3 SD', 93.5, 17.9),
(725, '+3 SD', 94, 18.1),
(726, '+3 SD', 94.5, 18.3),
(727, '+3 SD', 95, 18.5),
(728, '+3 SD', 95.5, 18.6),
(729, '+3 SD', 96, 18.8),
(730, '+3 SD', 96.5, 19),
(731, '+3 SD', 97, 19.2),
(732, '+3 SD', 97.5, 19.3),
(733, '+3 SD', 98, 19.5),
(734, '+3 SD', 98.5, 19.7),
(735, '+3 SD', 99, 19.9),
(736, '+3 SD', 99.5, 20.1),
(737, '+3 SD', 100, 20.3),
(738, '+3 SD', 100.5, 20.5),
(739, '+3 SD', 101, 20.7),
(740, '+3 SD', 101.5, 20.9),
(741, '+3 SD', 102, 21.1),
(742, '+3 SD', 102.5, 21.4),
(743, '+3 SD', 103, 21.6),
(744, '+3 SD', 103.5, 21.8),
(745, '+3 SD', 104, 22),
(746, '+3 SD', 104.5, 22.3),
(747, '+3 SD', 105, 22.5),
(748, '+3 SD', 105.5, 22.7),
(749, '+3 SD', 106, 23),
(750, '+3 SD', 106.5, 23.2),
(751, '+3 SD', 107, 23.5),
(752, '+3 SD', 107.5, 23.7),
(753, '+3 SD', 108, 24),
(754, '+3 SD', 108.5, 24.3),
(755, '+3 SD', 109, 24.5),
(756, '+3 SD', 109.5, 24.8),
(757, '+3 SD', 110, 25.1),
(758, '+3 SD', 110.5, 25.4),
(759, '+3 SD', 111, 25.7),
(760, '+3 SD', 111.5, 26),
(761, '+3 SD', 112, 26.2),
(762, '+3 SD', 112.5, 26.5),
(763, '+3 SD', 113, 26.8),
(764, '+3 SD', 113.5, 27.1),
(765, '+3 SD', 114, 27.4),
(766, '+3 SD', 114.5, 27.8),
(767, '+3 SD', 115, 28.1),
(768, '+3 SD', 115.5, 28.4),
(769, '+3 SD', 116, 28.7),
(770, '+3 SD', 116.5, 29),
(771, '+3 SD', 117, 29.3),
(772, '+3 SD', 117.5, 29.6),
(773, '+3 SD', 118, 29.9),
(774, '+3 SD', 118.5, 30.3),
(775, '+3 SD', 119, 30.6),
(776, '+3 SD', 119.5, 30.9),
(777, '+3 SD', 120, 31.2);

-- --------------------------------------------------------

--
-- Table structure for table `standart_bb_umur_laki_laki`
--

CREATE TABLE `standart_bb_umur_laki_laki` (
  `id` bigint(20) UNSIGNED NOT NULL,
  `umur` int(2) NOT NULL COMMENT '60 bulan masuk tab umur 60 bulan',
  `bb_char` enum('-3 SD','-2 SD','-1 SD','Median','+1 SD','+2 SD','+3 SD') NOT NULL,
  `value` float NOT NULL
) ENGINE=InnoDB DEFAULT CHARSET=utf8mb4;

--
-- Dumping data for table `standart_bb_umur_laki_laki`
--

INSERT INTO `standart_bb_umur_laki_laki` (`id`, `umur`, `bb_char`, `value`) VALUES
(1, 0, '-3 SD', 2.1),
(2, 1, '-3 SD', 2.9),
(3, 2, '-3 SD', 3.8),
(4, 3, '-3 SD', 4.4),
(5, 4, '-3 SD', 4.9),
(6, 5, '-3 SD', 5.3),
(7, 6, '-3 SD', 5.7),
(8, 7, '-3 SD', 5.9),
(9, 8, '-3 SD', 6.2),
(10, 9, '-3 SD', 6.4),
(11, 10, '-3 SD', 6.6),
(12, 11, '-3 SD', 6.8),
(13, 12, '-3 SD', 6.9),
(14, 13, '-3 SD', 7.1),
(15, 14, '-3 SD', 7.2),
(16, 15, '-3 SD', 7.4),
(17, 16, '-3 SD', 7.5),
(18, 17, '-3 SD', 7.7),
(19, 18, '-3 SD', 7.8),
(20, 19, '-3 SD', 8),
(21, 20, '-3 SD', 8.1),
(22, 21, '-3 SD', 8.2),
(23, 22, '-3 SD', 8.4),
(24, 23, '-3 SD', 8.5),
(25, 24, '-3 SD', 8.6),
(26, 25, '-3 SD', 8.8),
(27, 26, '-3 SD', 8.9),
(28, 27, '-3 SD', 9),
(29, 28, '-3 SD', 9.1),
(30, 29, '-3 SD', 9.2),
(31, 30, '-3 SD', 9.4),
(32, 31, '-3 SD', 9.5),
(33, 32, '-3 SD', 9.6),
(34, 33, '-3 SD', 9.7),
(35, 34, '-3 SD', 9.8),
(36, 35, '-3 SD', 9.9),
(37, 36, '-3 SD', 10),
(38, 37, '-3 SD', 10.1),
(39, 38, '-3 SD', 10.2),
(40, 39, '-3 SD', 10.3),
(41, 40, '-3 SD', 10.4),
(42, 41, '-3 SD', 10.5),
(43, 42, '-3 SD', 10.6),
(44, 43, '-3 SD', 10.7),
(45, 44, '-3 SD', 10.8),
(46, 45, '-3 SD', 10.9),
(47, 46, '-3 SD', 11),
(48, 47, '-3 SD', 11.1),
(49, 48, '-3 SD', 11.2),
(50, 49, '-3 SD', 11.3),
(51, 50, '-3 SD', 11.4),
(52, 51, '-3 SD', 11.5),
(53, 52, '-3 SD', 11.6),
(54, 53, '-3 SD', 11.7),
(55, 54, '-3 SD', 11.8),
(56, 55, '-3 SD', 11.9),
(57, 56, '-3 SD', 12),
(58, 57, '-3 SD', 12.1),
(59, 58, '-3 SD', 12.2),
(60, 59, '-3 SD', 12.3),
(61, 60, '-3 SD', 12.4),
(62, 0, '-2 SD', 2.5),
(63, 1, '-2 SD', 3.4),
(64, 2, '-2 SD', 4.3),
(65, 3, '-2 SD', 5),
(66, 4, '-2 SD', 5.6),
(67, 5, '-2 SD', 6),
(68, 6, '-2 SD', 6.4),
(69, 7, '-2 SD', 6.7),
(70, 8, '-2 SD', 6.9),
(71, 9, '-2 SD', 7.1),
(72, 10, '-2 SD', 7.4),
(73, 11, '-2 SD', 7.6),
(74, 12, '-2 SD', 7.7),
(75, 13, '-2 SD', 7.9),
(76, 14, '-2 SD', 8.1),
(77, 15, '-2 SD', 8.3),
(78, 16, '-2 SD', 8.4),
(79, 17, '-2 SD', 8.6),
(80, 18, '-2 SD', 8.8),
(81, 19, '-2 SD', 8.9),
(82, 20, '-2 SD', 9.1),
(83, 21, '-2 SD', 9.2),
(84, 22, '-2 SD', 9.4),
(85, 23, '-2 SD', 9.5),
(86, 24, '-2 SD', 9.7),
(87, 25, '-2 SD', 9.8),
(88, 26, '-2 SD', 10),
(89, 27, '-2 SD', 10.1),
(90, 28, '-2 SD', 10.2),
(91, 29, '-2 SD', 10.4),
(92, 30, '-2 SD', 10.5),
(93, 31, '-2 SD', 10.7),
(94, 32, '-2 SD', 10.8),
(95, 33, '-2 SD', 10.9),
(96, 34, '-2 SD', 11),
(97, 35, '-2 SD', 11.2),
(98, 36, '-2 SD', 11.3),
(99, 37, '-2 SD', 11.4),
(100, 38, '-2 SD', 11.5),
(101, 39, '-2 SD', 11.6),
(102, 40, '-2 SD', 11.8),
(103, 41, '-2 SD', 11.9),
(104, 42, '-2 SD', 12),
(105, 43, '-2 SD', 12.1),
(106, 44, '-2 SD', 12.2),
(107, 45, '-2 SD', 12.4),
(108, 46, '-2 SD', 12.5),
(109, 47, '-2 SD', 12.6),
(110, 48, '-2 SD', 12.7),
(111, 49, '-2 SD', 12.8),
(112, 50, '-2 SD', 12.9),
(113, 51, '-2 SD', 13.1),
(114, 52, '-2 SD', 13.2),
(115, 53, '-2 SD', 13.3),
(116, 54, '-2 SD', 13.4),
(117, 55, '-2 SD', 13.5),
(118, 56, '-2 SD', 13.6),
(119, 57, '-2 SD', 13.7),
(120, 58, '-2 SD', 13.8),
(121, 59, '-2 SD', 14),
(122, 60, '-2 SD', 14.1),
(123, 0, '-1 SD', 2.9),
(124, 1, '-1 SD', 3.9),
(125, 2, '-1 SD', 4.9),
(126, 3, '-1 SD', 5.7),
(127, 4, '-1 SD', 6.2),
(128, 5, '-1 SD', 6.7),
(129, 6, '-1 SD', 7.1),
(130, 7, '-1 SD', 7.4),
(131, 8, '-1 SD', 7.7),
(132, 9, '-1 SD', 8),
(133, 10, '-1 SD', 8.2),
(134, 11, '-1 SD', 8.4),
(135, 12, '-1 SD', 8.6),
(136, 13, '-1 SD', 8.8),
(137, 14, '-1 SD', 9),
(138, 15, '-1 SD', 9.2),
(139, 16, '-1 SD', 9.4),
(140, 17, '-1 SD', 9.6),
(141, 18, '-1 SD', 9.8),
(142, 19, '-1 SD', 10),
(143, 20, '-1 SD', 10.1),
(144, 21, '-1 SD', 10.3),
(145, 22, '-1 SD', 10.5),
(146, 23, '-1 SD', 10.7),
(147, 24, '-1 SD', 10.8),
(148, 25, '-1 SD', 11),
(149, 26, '-1 SD', 11.2),
(150, 27, '-1 SD', 11.3),
(151, 28, '-1 SD', 11.5),
(152, 29, '-1 SD', 11.7),
(153, 30, '-1 SD', 11.8),
(154, 31, '-1 SD', 12),
(155, 32, '-1 SD', 12.1),
(156, 33, '-1 SD', 12.3),
(157, 34, '-1 SD', 12.4),
(158, 35, '-1 SD', 12.6),
(159, 36, '-1 SD', 12.7),
(160, 37, '-1 SD', 12.9),
(161, 38, '-1 SD', 13),
(162, 39, '-1 SD', 13.1),
(163, 40, '-1 SD', 13.3),
(164, 41, '-1 SD', 13.4),
(165, 42, '-1 SD', 13.6),
(166, 43, '-1 SD', 13.7),
(167, 44, '-1 SD', 13.8),
(168, 45, '-1 SD', 14),
(169, 46, '-1 SD', 14.1),
(170, 47, '-1 SD', 14.3),
(171, 48, '-1 SD', 14.4),
(172, 49, '-1 SD', 14.5),
(173, 50, '-1 SD', 14.7),
(174, 51, '-1 SD', 14.8),
(175, 52, '-1 SD', 15),
(176, 53, '-1 SD', 15.1),
(177, 54, '-1 SD', 15.2),
(178, 55, '-1 SD', 15.4),
(179, 56, '-1 SD', 15.5),
(180, 57, '-1 SD', 15.6),
(181, 58, '-1 SD', 15.8),
(182, 59, '-1 SD', 15.9),
(183, 60, '-1 SD', 16),
(184, 0, 'Median', 3.3),
(185, 1, 'Median', 4.5),
(186, 2, 'Median', 5.6),
(187, 3, 'Median', 6.4),
(188, 4, 'Median', 7),
(189, 5, 'Median', 7.5),
(190, 6, 'Median', 7.9),
(191, 7, 'Median', 8.3),
(192, 8, 'Median', 8.6),
(193, 9, 'Median', 8.9),
(194, 10, 'Median', 9.2),
(195, 11, 'Median', 9.4),
(196, 12, 'Median', 9.6),
(197, 13, 'Median', 9.9),
(198, 14, 'Median', 10.1),
(199, 15, 'Median', 10.3),
(200, 16, 'Median', 10.5),
(201, 17, 'Median', 10.7),
(202, 18, 'Median', 10.9),
(203, 19, 'Median', 11.1),
(204, 20, 'Median', 11.3),
(205, 21, 'Median', 11.5),
(206, 22, 'Median', 11.8),
(207, 23, 'Median', 12),
(208, 24, 'Median', 12.2),
(209, 25, 'Median', 12.4),
(210, 26, 'Median', 12.5),
(211, 27, 'Median', 12.7),
(212, 28, 'Median', 12.9),
(213, 29, 'Median', 13.1),
(214, 30, 'Median', 13.3),
(215, 31, 'Median', 13.5),
(216, 32, 'Median', 13.7),
(217, 33, 'Median', 13.8),
(218, 34, 'Median', 14),
(219, 35, 'Median', 14.2),
(220, 36, 'Median', 14.3),
(221, 37, 'Median', 14.5),
(222, 38, 'Median', 14.7),
(223, 39, 'Median', 14.8),
(224, 40, 'Median', 15),
(225, 41, 'Median', 15.2),
(226, 42, 'Median', 15.3),
(227, 43, 'Median', 15.5),
(228, 44, 'Median', 15.7),
(229, 45, 'Median', 15.8),
(230, 46, 'Median', 16),
(231, 47, 'Median', 16.2),
(232, 48, 'Median', 16.3),
(233, 49, 'Median', 16.5),
(234, 50, 'Median', 16.7),
(235, 51, 'Median', 16.8),
(236, 52, 'Median', 17),
(237, 53, 'Median', 17.2),
(238, 54, 'Median', 17.3),
(239, 55, 'Median', 17.5),
(240, 56, 'Median', 17.7),
(241, 57, 'Median', 17.8),
(242, 58, 'Median', 18),
(243, 59, 'Median', 18.2),
(244, 60, 'Median', 18.3),
(245, 0, '+1 SD', 3.9),
(246, 1, '+1 SD', 5.1),
(247, 2, '+1 SD', 6.3),
(248, 3, '+1 SD', 7.2),
(249, 4, '+1 SD', 7.8),
(250, 5, '+1 SD', 8.4),
(251, 6, '+1 SD', 8.8),
(252, 7, '+1 SD', 9.2),
(253, 8, '+1 SD', 9.6),
(254, 9, '+1 SD', 9.9),
(255, 10, '+1 SD', 10.2),
(256, 11, '+1 SD', 10.5),
(257, 12, '+1 SD', 10.8),
(258, 13, '+1 SD', 11),
(259, 14, '+1 SD', 11.3),
(260, 15, '+1 SD', 11.5),
(261, 16, '+1 SD', 11.7),
(262, 17, '+1 SD', 12),
(263, 18, '+1 SD', 12.2),
(264, 19, '+1 SD', 12.5),
(265, 20, '+1 SD', 12.7),
(266, 21, '+1 SD', 12.9),
(267, 22, '+1 SD', 13.2),
(268, 23, '+1 SD', 13.4),
(269, 24, '+1 SD', 13.6),
(270, 25, '+1 SD', 13.9),
(271, 26, '+1 SD', 14.1),
(272, 27, '+1 SD', 14.3),
(273, 28, '+1 SD', 14.5),
(274, 29, '+1 SD', 14.8),
(275, 30, '+1 SD', 15),
(276, 31, '+1 SD', 15.2),
(277, 32, '+1 SD', 15.4),
(278, 33, '+1 SD', 15.6),
(279, 34, '+1 SD', 15.8),
(280, 35, '+1 SD', 16),
(281, 36, '+1 SD', 16.2),
(282, 37, '+1 SD', 16.4),
(283, 38, '+1 SD', 16.6),
(284, 39, '+1 SD', 16.8),
(285, 40, '+1 SD', 17),
(286, 41, '+1 SD', 17.2),
(287, 42, '+1 SD', 17.4),
(288, 43, '+1 SD', 17.6),
(289, 44, '+1 SD', 17.8),
(290, 45, '+1 SD', 18),
(291, 46, '+1 SD', 18.2),
(292, 47, '+1 SD', 18.4),
(293, 48, '+1 SD', 18.6),
(294, 49, '+1 SD', 18.8),
(295, 50, '+1 SD', 19),
(296, 51, '+1 SD', 19.2),
(297, 52, '+1 SD', 19.4),
(298, 53, '+1 SD', 19.6),
(299, 54, '+1 SD', 19.8),
(300, 55, '+1 SD', 20),
(301, 56, '+1 SD', 20.2),
(302, 57, '+1 SD', 20.4),
(303, 58, '+1 SD', 20.6),
(304, 59, '+1 SD', 20.8),
(305, 60, '+1 SD', 21),
(306, 0, '+2 SD', 4.4),
(307, 1, '+2 SD', 5.8),
(308, 2, '+2 SD', 7.1),
(309, 3, '+2 SD', 8),
(310, 4, '+2 SD', 8.7),
(311, 5, '+2 SD', 9.3),
(312, 6, '+2 SD', 9.8),
(313, 7, '+2 SD', 10.3),
(314, 8, '+2 SD', 10.7),
(315, 9, '+2 SD', 11),
(316, 10, '+2 SD', 11.4),
(317, 11, '+2 SD', 11.7),
(318, 12, '+2 SD', 12),
(319, 13, '+2 SD', 12.3),
(320, 14, '+2 SD', 12.6),
(321, 15, '+2 SD', 12.8),
(322, 16, '+2 SD', 13.1),
(323, 17, '+2 SD', 13.4),
(324, 18, '+2 SD', 13.7),
(325, 19, '+2 SD', 13.9),
(326, 20, '+2 SD', 14.2),
(327, 21, '+2 SD', 14.5),
(328, 22, '+2 SD', 14.7),
(329, 23, '+2 SD', 15),
(330, 24, '+2 SD', 15.3),
(331, 25, '+2 SD', 15.5),
(332, 26, '+2 SD', 15.8),
(333, 27, '+2 SD', 16.1),
(334, 28, '+2 SD', 16.3),
(335, 29, '+2 SD', 16.6),
(336, 30, '+2 SD', 16.9),
(337, 31, '+2 SD', 17.1),
(338, 32, '+2 SD', 17.4),
(339, 33, '+2 SD', 17.6),
(340, 34, '+2 SD', 17.8),
(341, 35, '+2 SD', 18.1),
(342, 36, '+2 SD', 18.3),
(343, 37, '+2 SD', 18.6),
(344, 38, '+2 SD', 18.8),
(345, 39, '+2 SD', 19),
(346, 40, '+2 SD', 19.3),
(347, 41, '+2 SD', 19.5),
(348, 42, '+2 SD', 19.7),
(349, 43, '+2 SD', 20),
(350, 44, '+2 SD', 20.2),
(351, 45, '+2 SD', 20.5),
(352, 46, '+2 SD', 20.7),
(353, 47, '+2 SD', 20.9),
(354, 48, '+2 SD', 21.2),
(355, 49, '+2 SD', 21.4),
(356, 50, '+2 SD', 21.7),
(357, 51, '+2 SD', 21.9),
(358, 52, '+2 SD', 22.2),
(359, 53, '+2 SD', 22.4),
(360, 54, '+2 SD', 22.7),
(361, 55, '+2 SD', 22.9),
(362, 56, '+2 SD', 23.2),
(363, 57, '+2 SD', 23.4),
(364, 58, '+2 SD', 23.7),
(365, 59, '+2 SD', 23.9),
(366, 60, '+2 SD', 24.2),
(367, 0, '+3 SD', 5),
(368, 1, '+3 SD', 6.6),
(369, 2, '+3 SD', 8),
(370, 3, '+3 SD', 9),
(371, 4, '+3 SD', 9.7),
(372, 5, '+3 SD', 10.4),
(373, 6, '+3 SD', 10.9),
(374, 7, '+3 SD', 11.4),
(375, 8, '+3 SD', 11.9),
(376, 9, '+3 SD', 12.3),
(377, 10, '+3 SD', 12.7),
(378, 11, '+3 SD', 13),
(379, 12, '+3 SD', 13.3),
(380, 13, '+3 SD', 13.7),
(381, 14, '+3 SD', 14),
(382, 15, '+3 SD', 14.3),
(383, 16, '+3 SD', 14.6),
(384, 17, '+3 SD', 14.9),
(385, 18, '+3 SD', 15.3),
(386, 19, '+3 SD', 15.6),
(387, 20, '+3 SD', 15.9),
(388, 21, '+3 SD', 16.2),
(389, 22, '+3 SD', 16.5),
(390, 23, '+3 SD', 16.8),
(391, 24, '+3 SD', 17.1),
(392, 25, '+3 SD', 17.5),
(393, 26, '+3 SD', 17.8),
(394, 27, '+3 SD', 18.1),
(395, 28, '+3 SD', 18.4),
(396, 29, '+3 SD', 18.7),
(397, 30, '+3 SD', 19),
(398, 31, '+3 SD', 19.3),
(399, 32, '+3 SD', 19.6),
(400, 33, '+3 SD', 19.9),
(401, 34, '+3 SD', 20.2),
(402, 35, '+3 SD', 20.4),
(403, 36, '+3 SD', 20.7),
(404, 37, '+3 SD', 21),
(405, 38, '+3 SD', 21.3),
(406, 39, '+3 SD', 21.6),
(407, 40, '+3 SD', 21.9),
(408, 41, '+3 SD', 22.1),
(409, 42, '+3 SD', 22.4),
(410, 43, '+3 SD', 22.7),
(411, 44, '+3 SD', 23),
(412, 45, '+3 SD', 23.3),
(413, 46, '+3 SD', 23.6),
(414, 47, '+3 SD', 23.9),
(415, 48, '+3 SD', 24.2),
(416, 49, '+3 SD', 24.5),
(417, 50, '+3 SD', 24.8),
(418, 51, '+3 SD', 25.1),
(419, 52, '+3 SD', 25.4),
(420, 53, '+3 SD', 25.7),
(421, 54, '+3 SD', 26),
(422, 55, '+3 SD', 26.3),
(423, 56, '+3 SD', 26.6),
(424, 57, '+3 SD', 26.9),
(425, 58, '+3 SD', 27.2),
(426, 59, '+3 SD', 27.6),
(427, 60, '+3 SD', 27.9);

-- --------------------------------------------------------

--
-- Table structure for table `standart_bb_umur_perempuan`
--

CREATE TABLE `standart_bb_umur_perempuan` (
  `id` bigint(20) UNSIGNED NOT NULL,
  `umur` int(2) NOT NULL COMMENT '60 bulan masuk tab umur 60 bulan',
  `bb_char` enum('-3 SD','-2 SD','-1 SD','Median','+1 SD','+2 SD','+3 SD') NOT NULL,
  `value` float NOT NULL
) ENGINE=InnoDB DEFAULT CHARSET=utf8mb4;

--
-- Dumping data for table `standart_bb_umur_perempuan`
--

INSERT INTO `standart_bb_umur_perempuan` (`id`, `umur`, `bb_char`, `value`) VALUES
(1, 0, '-3 SD', 2),
(2, 1, '-3 SD', 2.7),
(3, 2, '-3 SD', 3.4),
(4, 3, '-3 SD', 4),
(5, 4, '-3 SD', 4.4),
(6, 5, '-3 SD', 4.8),
(7, 6, '-3 SD', 5.1),
(8, 7, '-3 SD', 5.3),
(9, 8, '-3 SD', 5.6),
(10, 9, '-3 SD', 5.8),
(11, 10, '-3 SD', 5.9),
(12, 11, '-3 SD', 6.1),
(13, 12, '-3 SD', 6.3),
(14, 13, '-3 SD', 6.4),
(15, 14, '-3 SD', 6.6),
(16, 15, '-3 SD', 6.7),
(17, 16, '-3 SD', 6.9),
(18, 17, '-3 SD', 7),
(19, 18, '-3 SD', 7.2),
(20, 19, '-3 SD', 7.3),
(21, 20, '-3 SD', 7.5),
(22, 21, '-3 SD', 7.6),
(23, 22, '-3 SD', 7.8),
(24, 23, '-3 SD', 7.9),
(25, 24, '-3 SD', 8.1),
(26, 25, '-3 SD', 8.2),
(27, 26, '-3 SD', 8.4),
(28, 27, '-3 SD', 8.5),
(29, 28, '-3 SD', 8.6),
(30, 29, '-3 SD', 8.8),
(31, 30, '-3 SD', 8.9),
(32, 31, '-3 SD', 9),
(33, 32, '-3 SD', 9.1),
(34, 33, '-3 SD', 9.3),
(35, 34, '-3 SD', 9.4),
(36, 35, '-3 SD', 9.5),
(37, 36, '-3 SD', 9.6),
(38, 37, '-3 SD', 9.7),
(39, 38, '-3 SD', 9.8),
(40, 39, '-3 SD', 9.9),
(41, 40, '-3 SD', 10.1),
(42, 41, '-3 SD', 10.2),
(43, 42, '-3 SD', 10.3),
(44, 43, '-3 SD', 10.4),
(45, 44, '-3 SD', 10.5),
(46, 45, '-3 SD', 10.6),
(47, 46, '-3 SD', 10.7),
(48, 47, '-3 SD', 10.8),
(49, 48, '-3 SD', 10.9),
(50, 49, '-3 SD', 11),
(51, 50, '-3 SD', 11.1),
(52, 51, '-3 SD', 11.2),
(53, 52, '-3 SD', 11.3),
(54, 53, '-3 SD', 11.4),
(55, 54, '-3 SD', 11.5),
(56, 55, '-3 SD', 11.6),
(57, 56, '-3 SD', 11.7),
(58, 57, '-3 SD', 11.8),
(59, 58, '-3 SD', 11.9),
(60, 59, '-3 SD', 12),
(61, 60, '-3 SD', 12.1),
(62, 0, '-2 SD', 2.4),
(63, 1, '-2 SD', 3.2),
(64, 2, '-2 SD', 3.9),
(65, 3, '-2 SD', 4.5),
(66, 4, '-2 SD', 5),
(67, 5, '-2 SD', 5.4),
(68, 6, '-2 SD', 5.7),
(69, 7, '-2 SD', 6),
(70, 8, '-2 SD', 6.3),
(71, 9, '-2 SD', 6.5),
(72, 10, '-2 SD', 6.7),
(73, 11, '-2 SD', 6.9),
(74, 12, '-2 SD', 7),
(75, 13, '-2 SD', 7.2),
(76, 14, '-2 SD', 7.4),
(77, 15, '-2 SD', 7.6),
(78, 16, '-2 SD', 7.7),
(79, 17, '-2 SD', 7.9),
(80, 18, '-2 SD', 8.1),
(81, 19, '-2 SD', 8.2),
(82, 20, '-2 SD', 8.4),
(83, 21, '-2 SD', 8.6),
(84, 22, '-2 SD', 8.7),
(85, 23, '-2 SD', 8.9),
(86, 24, '-2 SD', 9),
(87, 25, '-2 SD', 9.2),
(88, 26, '-2 SD', 9.4),
(89, 27, '-2 SD', 9.5),
(90, 28, '-2 SD', 9.7),
(91, 29, '-2 SD', 9.8),
(92, 30, '-2 SD', 10),
(93, 31, '-2 SD', 10.1),
(94, 32, '-2 SD', 10.3),
(95, 33, '-2 SD', 10.4),
(96, 34, '-2 SD', 10.5),
(97, 35, '-2 SD', 10.7),
(98, 36, '-2 SD', 10.8),
(99, 37, '-2 SD', 10.9),
(100, 38, '-2 SD', 11.1),
(101, 39, '-2 SD', 11.2),
(102, 40, '-2 SD', 11.3),
(103, 41, '-2 SD', 11.5),
(104, 42, '-2 SD', 11.6),
(105, 43, '-2 SD', 11.7),
(106, 44, '-2 SD', 11.8),
(107, 45, '-2 SD', 12),
(108, 46, '-2 SD', 12.1),
(109, 47, '-2 SD', 12.2),
(110, 48, '-2 SD', 12.3),
(111, 49, '-2 SD', 12.4),
(112, 50, '-2 SD', 12.6),
(113, 51, '-2 SD', 12.7),
(114, 52, '-2 SD', 12.8),
(115, 53, '-2 SD', 12.9),
(116, 54, '-2 SD', 13),
(117, 55, '-2 SD', 13.2),
(118, 56, '-2 SD', 13.3),
(119, 57, '-2 SD', 13.4),
(120, 58, '-2 SD', 13.5),
(121, 59, '-2 SD', 13.6),
(122, 60, '-2 SD', 13.7),
(123, 0, '-1 SD', 2.8),
(124, 1, '-1 SD', 3.6),
(125, 2, '-1 SD', 4.5),
(126, 3, '-1 SD', 5.2),
(127, 4, '-1 SD', 5.7),
(128, 5, '-1 SD', 6.1),
(129, 6, '-1 SD', 6.5),
(130, 7, '-1 SD', 6.8),
(131, 8, '-1 SD', 7),
(132, 9, '-1 SD', 7.3),
(133, 10, '-1 SD', 7.5),
(134, 11, '-1 SD', 7.7),
(135, 12, '-1 SD', 7.9),
(136, 13, '-1 SD', 8.1),
(137, 14, '-1 SD', 8.3),
(138, 15, '-1 SD', 8.5),
(139, 16, '-1 SD', 8.7),
(140, 17, '-1 SD', 8.9),
(141, 18, '-1 SD', 9.1),
(142, 19, '-1 SD', 9.2),
(143, 20, '-1 SD', 9.4),
(144, 21, '-1 SD', 9.6),
(145, 22, '-1 SD', 9.8),
(146, 23, '-1 SD', 10),
(147, 24, '-1 SD', 10.2),
(148, 25, '-1 SD', 10.3),
(149, 26, '-1 SD', 10.5),
(150, 27, '-1 SD', 10.7),
(151, 28, '-1 SD', 10.9),
(152, 29, '-1 SD', 11.1),
(153, 30, '-1 SD', 11.2),
(154, 31, '-1 SD', 11.4),
(155, 32, '-1 SD', 11.6),
(156, 33, '-1 SD', 11.7),
(157, 34, '-1 SD', 11.9),
(158, 35, '-1 SD', 12),
(159, 36, '-1 SD', 12.2),
(160, 37, '-1 SD', 12.4),
(161, 38, '-1 SD', 12.5),
(162, 39, '-1 SD', 12.7),
(163, 40, '-1 SD', 12.8),
(164, 41, '-1 SD', 13),
(165, 42, '-1 SD', 13.1),
(166, 43, '-1 SD', 13.3),
(167, 44, '-1 SD', 13.4),
(168, 45, '-1 SD', 13.6),
(169, 46, '-1 SD', 13.7),
(170, 47, '-1 SD', 13.9),
(171, 48, '-1 SD', 14),
(172, 49, '-1 SD', 14.2),
(173, 50, '-1 SD', 14.3),
(174, 51, '-1 SD', 14.5),
(175, 52, '-1 SD', 14.6),
(176, 53, '-1 SD', 14.8),
(177, 54, '-1 SD', 14.9),
(178, 55, '-1 SD', 15.1),
(179, 56, '-1 SD', 15.2),
(180, 57, '-1 SD', 15.3),
(181, 58, '-1 SD', 15.5),
(182, 59, '-1 SD', 15.6),
(183, 60, '-1 SD', 15.8),
(184, 0, 'Median', 3.2),
(185, 1, 'Median', 4.2),
(186, 2, 'Median', 5.1),
(187, 3, 'Median', 5.8),
(188, 4, 'Median', 6.4),
(189, 5, 'Median', 6.9),
(190, 6, 'Median', 7.3),
(191, 7, 'Median', 7.6),
(192, 8, 'Median', 7.9),
(193, 9, 'Median', 8.2),
(194, 10, 'Median', 8.5),
(195, 11, 'Median', 8.7),
(196, 12, 'Median', 8.9),
(197, 13, 'Median', 9.2),
(198, 14, 'Median', 9.4),
(199, 15, 'Median', 9.6),
(200, 16, 'Median', 9.8),
(201, 17, 'Median', 10),
(202, 18, 'Median', 10.2),
(203, 19, 'Median', 10.4),
(204, 20, 'Median', 10.6),
(205, 21, 'Median', 10.9),
(206, 22, 'Median', 11.1),
(207, 23, 'Median', 11.3),
(208, 24, 'Median', 11.5),
(209, 25, 'Median', 11.7),
(210, 26, 'Median', 11.9),
(211, 27, 'Median', 12.1),
(212, 28, 'Median', 12.3),
(213, 29, 'Median', 12.5),
(214, 30, 'Median', 12.7),
(215, 31, 'Median', 12.9),
(216, 32, 'Median', 13.1),
(217, 33, 'Median', 13.3),
(218, 34, 'Median', 13.5),
(219, 35, 'Median', 13.7),
(220, 36, 'Median', 13.9),
(221, 37, 'Median', 14),
(222, 38, 'Median', 14.2),
(223, 39, 'Median', 14.4),
(224, 40, 'Median', 14.6),
(225, 41, 'Median', 14.8),
(226, 42, 'Median', 15),
(227, 43, 'Median', 15.2),
(228, 44, 'Median', 15.3),
(229, 45, 'Median', 15.5),
(230, 46, 'Median', 15.7),
(231, 47, 'Median', 15.9),
(232, 48, 'Median', 16.1),
(233, 49, 'Median', 16.3),
(234, 50, 'Median', 16.4),
(235, 51, 'Median', 16.6),
(236, 52, 'Median', 16.8),
(237, 53, 'Median', 17),
(238, 54, 'Median', 17.2),
(239, 55, 'Median', 17.3),
(240, 56, 'Median', 17.5),
(241, 57, 'Median', 17.7),
(242, 58, 'Median', 17.9),
(243, 59, 'Median', 18),
(244, 60, 'Median', 18.2),
(245, 0, '+1 SD', 3.7),
(246, 1, '+1 SD', 4.8),
(247, 2, '+1 SD', 5.8),
(248, 3, '+1 SD', 6.6),
(249, 4, '+1 SD', 7.3),
(250, 5, '+1 SD', 7.8),
(251, 6, '+1 SD', 8.2),
(252, 7, '+1 SD', 8.6),
(253, 8, '+1 SD', 9),
(254, 9, '+1 SD', 9.3),
(255, 10, '+1 SD', 9.6),
(256, 11, '+1 SD', 9.9),
(257, 12, '+1 SD', 10.1),
(258, 13, '+1 SD', 10.4),
(259, 14, '+1 SD', 10.6),
(260, 15, '+1 SD', 10.9),
(261, 16, '+1 SD', 11.1),
(262, 17, '+1 SD', 11.4),
(263, 18, '+1 SD', 11.6),
(264, 19, '+1 SD', 11.8),
(265, 20, '+1 SD', 12.1),
(266, 21, '+1 SD', 12.3),
(267, 22, '+1 SD', 12.5),
(268, 23, '+1 SD', 12.8),
(269, 24, '+1 SD', 13),
(270, 25, '+1 SD', 13.3),
(271, 26, '+1 SD', 13.5),
(272, 27, '+1 SD', 13.7),
(273, 28, '+1 SD', 14),
(274, 29, '+1 SD', 14.2),
(275, 30, '+1 SD', 14.4),
(276, 31, '+1 SD', 14.7),
(277, 32, '+1 SD', 14.9),
(278, 33, '+1 SD', 15.1),
(279, 34, '+1 SD', 15.4),
(280, 35, '+1 SD', 15.6),
(281, 36, '+1 SD', 15.8),
(282, 37, '+1 SD', 16),
(283, 38, '+1 SD', 16.3),
(284, 39, '+1 SD', 16.5),
(285, 40, '+1 SD', 16.7),
(286, 41, '+1 SD', 16.9),
(287, 42, '+1 SD', 17.2),
(288, 43, '+1 SD', 17.4),
(289, 44, '+1 SD', 17.6),
(290, 45, '+1 SD', 17.8),
(291, 46, '+1 SD', 18.1),
(292, 47, '+1 SD', 18.3),
(293, 48, '+1 SD', 18.5),
(294, 49, '+1 SD', 18.8),
(295, 50, '+1 SD', 19),
(296, 51, '+1 SD', 19.2),
(297, 52, '+1 SD', 19.4),
(298, 53, '+1 SD', 19.7),
(299, 54, '+1 SD', 19.9),
(300, 55, '+1 SD', 20.1),
(301, 56, '+1 SD', 20.3),
(302, 57, '+1 SD', 20.6),
(303, 58, '+1 SD', 20.8),
(304, 59, '+1 SD', 21),
(305, 60, '+1 SD', 21.2),
(306, 0, '+2 SD', 4.2),
(307, 1, '+2 SD', 5.5),
(308, 2, '+2 SD', 6.6),
(309, 3, '+2 SD', 7.5),
(310, 4, '+2 SD', 8.2),
(311, 5, '+2 SD', 8.8),
(312, 6, '+2 SD', 9.3),
(313, 7, '+2 SD', 9.8),
(314, 8, '+2 SD', 10.2),
(315, 9, '+2 SD', 10.5),
(316, 10, '+2 SD', 10.9),
(317, 11, '+2 SD', 11.2),
(318, 12, '+2 SD', 11.5),
(319, 13, '+2 SD', 11.8),
(320, 14, '+2 SD', 12.1),
(321, 15, '+2 SD', 12.4),
(322, 16, '+2 SD', 12.6),
(323, 17, '+2 SD', 12.9),
(324, 18, '+2 SD', 13.2),
(325, 19, '+2 SD', 13.5),
(326, 20, '+2 SD', 13.7),
(327, 21, '+2 SD', 14),
(328, 22, '+2 SD', 14.3),
(329, 23, '+2 SD', 14.6),
(330, 24, '+2 SD', 14.8),
(331, 25, '+2 SD', 15.1),
(332, 26, '+2 SD', 15.4),
(333, 27, '+2 SD', 15.7),
(334, 28, '+2 SD', 16),
(335, 29, '+2 SD', 16.2),
(336, 30, '+2 SD', 16.5),
(337, 31, '+2 SD', 16.8),
(338, 32, '+2 SD', 17.1),
(339, 33, '+2 SD', 17.3),
(340, 34, '+2 SD', 17.6),
(341, 35, '+2 SD', 17.9),
(342, 36, '+2 SD', 18.1),
(343, 37, '+2 SD', 18.4),
(344, 38, '+2 SD', 18.7),
(345, 39, '+2 SD', 19),
(346, 40, '+2 SD', 19.2),
(347, 41, '+2 SD', 19.5),
(348, 42, '+2 SD', 19.8),
(349, 43, '+2 SD', 20.1),
(350, 44, '+2 SD', 20.4),
(351, 45, '+2 SD', 20.7),
(352, 46, '+2 SD', 20.9),
(353, 47, '+2 SD', 21.2),
(354, 48, '+2 SD', 21.5),
(355, 49, '+2 SD', 21.8),
(356, 50, '+2 SD', 22.1),
(357, 51, '+2 SD', 22.4),
(358, 52, '+2 SD', 22.6),
(359, 53, '+2 SD', 22.9),
(360, 54, '+2 SD', 23.2),
(361, 55, '+2 SD', 23.5),
(362, 56, '+2 SD', 23.8),
(363, 57, '+2 SD', 24.1),
(364, 58, '+2 SD', 24.4),
(365, 59, '+2 SD', 24.6),
(366, 60, '+2 SD', 24.9),
(367, 0, '+3 SD', 4.8),
(368, 1, '+3 SD', 6.2),
(369, 2, '+3 SD', 7.5),
(370, 3, '+3 SD', 8.5),
(371, 4, '+3 SD', 9.3),
(372, 5, '+3 SD', 10),
(373, 6, '+3 SD', 10.6),
(374, 7, '+3 SD', 11.1),
(375, 8, '+3 SD', 11.6),
(376, 9, '+3 SD', 12),
(377, 10, '+3 SD', 12.4),
(378, 11, '+3 SD', 12.8),
(379, 12, '+3 SD', 13.1),
(380, 13, '+3 SD', 13.5),
(381, 14, '+3 SD', 13.8),
(382, 15, '+3 SD', 14.1),
(383, 16, '+3 SD', 14.5),
(384, 17, '+3 SD', 14.8),
(385, 18, '+3 SD', 15.1),
(386, 19, '+3 SD', 15.4),
(387, 20, '+3 SD', 15.7),
(388, 21, '+3 SD', 16),
(389, 22, '+3 SD', 16.4),
(390, 23, '+3 SD', 16.7),
(391, 24, '+3 SD', 17),
(392, 25, '+3 SD', 17.3),
(393, 26, '+3 SD', 17.7),
(394, 27, '+3 SD', 18),
(395, 28, '+3 SD', 18.3),
(396, 29, '+3 SD', 18.7),
(397, 30, '+3 SD', 19),
(398, 31, '+3 SD', 19.3),
(399, 32, '+3 SD', 19.6),
(400, 33, '+3 SD', 20),
(401, 34, '+3 SD', 20.3),
(402, 35, '+3 SD', 20.6),
(403, 36, '+3 SD', 20.9),
(404, 37, '+3 SD', 21.3),
(405, 38, '+3 SD', 21.6),
(406, 39, '+3 SD', 22),
(407, 40, '+3 SD', 22.3),
(408, 41, '+3 SD', 22.7),
(409, 42, '+3 SD', 23),
(410, 43, '+3 SD', 23.4),
(411, 44, '+3 SD', 23.7),
(412, 45, '+3 SD', 24.1),
(413, 46, '+3 SD', 24.5),
(414, 47, '+3 SD', 24.8),
(415, 48, '+3 SD', 25.2),
(416, 49, '+3 SD', 25.5),
(417, 50, '+3 SD', 25.9),
(418, 51, '+3 SD', 26.3),
(419, 52, '+3 SD', 26.6),
(420, 53, '+3 SD', 27),
(421, 54, '+3 SD', 27.4),
(422, 55, '+3 SD', 27.7),
(423, 56, '+3 SD', 28.1),
(424, 57, '+3 SD', 28.5),
(425, 58, '+3 SD', 28.8),
(426, 59, '+3 SD', 29.2),
(427, 60, '+3 SD', 29.5);

-- --------------------------------------------------------

--
-- Table structure for table `standart_bobot`
--

CREATE TABLE `standart_bobot` (
  `id` bigint(20) UNSIGNED NOT NULL,
  `char` varchar(100) NOT NULL,
  `nilai` bigint(20) NOT NULL,
  `created_at` datetime DEFAULT NULL,
  `updated_at` datetime DEFAULT NULL
) ENGINE=InnoDB DEFAULT CHARSET=utf8mb4;

-- --------------------------------------------------------

--
-- Table structure for table `standart_index_char`
--

CREATE TABLE `standart_index_char` (
  `id` bigint(20) UNSIGNED NOT NULL,
  `char` varchar(200) NOT NULL,
  `z_score` varchar(50) NOT NULL,
  `created_at` datetime DEFAULT NULL,
  `updated_at` datetime DEFAULT NULL
) ENGINE=InnoDB DEFAULT CHARSET=utf8mb4;

-- --------------------------------------------------------

--
-- Table structure for table `standart_tb_umur_laki_laki`
--

CREATE TABLE `standart_tb_umur_laki_laki` (
  `id` bigint(20) UNSIGNED NOT NULL,
  `umur` int(2) NOT NULL COMMENT '60 bulan masuk tab umur 60 bulan',
  `tb_char` enum('-3 SD','-2 SD','-1 SD','Median','+1 SD','+2 SD','+3 SD') NOT NULL,
  `value` float NOT NULL
) ENGINE=InnoDB DEFAULT CHARSET=utf8mb4;

--
-- Dumping data for table `standart_tb_umur_laki_laki`
--

INSERT INTO `standart_tb_umur_laki_laki` (`id`, `umur`, `tb_char`, `value`) VALUES
(1, 0, '-3 SD', 44.2),
(2, 1, '-3 SD', 48.9),
(3, 2, '-3 SD', 52.4),
(4, 3, '-3 SD', 55.3),
(5, 4, '-3 SD', 57.6),
(6, 5, '-3 SD', 59.6),
(7, 6, '-3 SD', 61.2),
(8, 7, '-3 SD', 62.7),
(9, 8, '-3 SD', 64),
(10, 9, '-3 SD', 65.2),
(11, 10, '-3 SD', 66.4),
(12, 11, '-3 SD', 67.6),
(13, 12, '-3 SD', 68.6),
(14, 13, '-3 SD', 69.6),
(15, 14, '-3 SD', 70.6),
(16, 15, '-3 SD', 71.6),
(17, 16, '-3 SD', 72.5),
(18, 17, '-3 SD', 73.3),
(19, 18, '-3 SD', 74.2),
(20, 19, '-3 SD', 75),
(21, 20, '-3 SD', 75.8),
(22, 21, '-3 SD', 76.5),
(23, 22, '-3 SD', 77.2),
(24, 23, '-3 SD', 78),
(25, 24, '-3 SD', 78.7),
(26, 24, '-3 SD', 78),
(27, 25, '-3 SD', 78.6),
(28, 26, '-3 SD', 79.3),
(29, 27, '-3 SD', 79.9),
(30, 28, '-3 SD', 80.5),
(31, 29, '-3 SD', 81.1),
(32, 30, '-3 SD', 81.7),
(33, 31, '-3 SD', 82.3),
(34, 32, '-3 SD', 82.8),
(35, 33, '-3 SD', 83.4),
(36, 34, '-3 SD', 83.9),
(37, 35, '-3 SD', 84.4),
(38, 36, '-3 SD', 85),
(39, 37, '-3 SD', 85.5),
(40, 38, '-3 SD', 86),
(41, 39, '-3 SD', 86.5),
(42, 40, '-3 SD', 87),
(43, 41, '-3 SD', 87.5),
(44, 42, '-3 SD', 88),
(45, 43, '-3 SD', 88.4),
(46, 44, '-3 SD', 88.9),
(47, 45, '-3 SD', 89.4),
(48, 46, '-3 SD', 89.8),
(49, 47, '-3 SD', 90.3),
(50, 48, '-3 SD', 90.7),
(51, 49, '-3 SD', 91.2),
(52, 50, '-3 SD', 91.6),
(53, 51, '-3 SD', 92.1),
(54, 52, '-3 SD', 92.5),
(55, 53, '-3 SD', 93),
(56, 54, '-3 SD', 93.4),
(57, 55, '-3 SD', 93.9),
(58, 56, '-3 SD', 94.3),
(59, 57, '-3 SD', 94.7),
(60, 58, '-3 SD', 95.2),
(61, 59, '-3 SD', 95.6),
(62, 60, '-3 SD', 96.1),
(63, 0, '-2 SD', 46.1),
(64, 1, '-2 SD', 50.8),
(65, 2, '-2 SD', 54.4),
(66, 3, '-2 SD', 57.3),
(67, 4, '-2 SD', 59.7),
(68, 5, '-2 SD', 61.7),
(69, 6, '-2 SD', 63.3),
(70, 7, '-2 SD', 64.8),
(71, 8, '-2 SD', 66.2),
(72, 9, '-2 SD', 67.5),
(73, 10, '-2 SD', 68.7),
(74, 11, '-2 SD', 69.9),
(75, 12, '-2 SD', 71),
(76, 13, '-2 SD', 72.1),
(77, 14, '-2 SD', 73.1),
(78, 15, '-2 SD', 74.1),
(79, 16, '-2 SD', 75),
(80, 17, '-2 SD', 76),
(81, 18, '-2 SD', 76.9),
(82, 19, '-2 SD', 77.7),
(83, 20, '-2 SD', 78.6),
(84, 21, '-2 SD', 79.4),
(85, 22, '-2 SD', 80.2),
(86, 23, '-2 SD', 81),
(87, 24, '-2 SD', 81.7),
(88, 24, '-2 SD', 81),
(89, 25, '-2 SD', 81.7),
(90, 26, '-2 SD', 82.5),
(91, 27, '-2 SD', 83.1),
(92, 28, '-2 SD', 83.8),
(93, 29, '-2 SD', 84.5),
(94, 30, '-2 SD', 85.1),
(95, 31, '-2 SD', 85.7),
(96, 32, '-2 SD', 86.4),
(97, 33, '-2 SD', 86.9),
(98, 34, '-2 SD', 87.5),
(99, 35, '-2 SD', 88.1),
(100, 36, '-2 SD', 88.7),
(101, 37, '-2 SD', 89.2),
(102, 38, '-2 SD', 89.8),
(103, 39, '-2 SD', 90.3),
(104, 40, '-2 SD', 90.9),
(105, 41, '-2 SD', 91.4),
(106, 42, '-2 SD', 91.9),
(107, 43, '-2 SD', 92.4),
(108, 44, '-2 SD', 93),
(109, 45, '-2 SD', 93.5),
(110, 46, '-2 SD', 94),
(111, 47, '-2 SD', 94.4),
(112, 48, '-2 SD', 94.9),
(113, 49, '-2 SD', 95.4),
(114, 50, '-2 SD', 95.9),
(115, 51, '-2 SD', 96.4),
(116, 52, '-2 SD', 96.9),
(117, 53, '-2 SD', 97.4),
(118, 54, '-2 SD', 97.8),
(119, 55, '-2 SD', 98.3),
(120, 56, '-2 SD', 98.8),
(121, 57, '-2 SD', 99.3),
(122, 58, '-2 SD', 99.7),
(123, 59, '-2 SD', 100.2),
(124, 60, '-2 SD', 100.7),
(125, 0, '-1 SD', 48),
(126, 1, '-1 SD', 52.8),
(127, 2, '-1 SD', 56.4),
(128, 3, '-1 SD', 59.4),
(129, 4, '-1 SD', 61.8),
(130, 5, '-1 SD', 63.8),
(131, 6, '-1 SD', 65.5),
(132, 7, '-1 SD', 67),
(133, 8, '-1 SD', 68.4),
(134, 9, '-1 SD', 69.7),
(135, 10, '-1 SD', 71),
(136, 11, '-1 SD', 72.2),
(137, 12, '-1 SD', 73.4),
(138, 13, '-1 SD', 74.5),
(139, 14, '-1 SD', 75.6),
(140, 15, '-1 SD', 76.6),
(141, 16, '-1 SD', 77.6),
(142, 17, '-1 SD', 78.6),
(143, 18, '-1 SD', 79.6),
(144, 19, '-1 SD', 80.5),
(145, 20, '-1 SD', 81.4),
(146, 21, '-1 SD', 82.3),
(147, 22, '-1 SD', 83.1),
(148, 23, '-1 SD', 83.9),
(149, 24, '-1 SD', 84.8),
(150, 24, '-1 SD', 84.1),
(151, 25, '-1 SD', 84.9),
(152, 26, '-1 SD', 85.6),
(153, 27, '-1 SD', 86.4),
(154, 28, '-1 SD', 87.1),
(155, 29, '-1 SD', 87.8),
(156, 30, '-1 SD', 88.5),
(157, 31, '-1 SD', 89.2),
(158, 32, '-1 SD', 89.9),
(159, 33, '-1 SD', 90.5),
(160, 34, '-1 SD', 91.1),
(161, 35, '-1 SD', 91.8),
(162, 36, '-1 SD', 92.4),
(163, 37, '-1 SD', 93),
(164, 38, '-1 SD', 93.6),
(165, 39, '-1 SD', 94.2),
(166, 40, '-1 SD', 94.7),
(167, 41, '-1 SD', 95.3),
(168, 42, '-1 SD', 95.9),
(169, 43, '-1 SD', 96.4),
(170, 44, '-1 SD', 97),
(171, 45, '-1 SD', 97.5),
(172, 46, '-1 SD', 98.1),
(173, 47, '-1 SD', 98.6),
(174, 48, '-1 SD', 99.1),
(175, 49, '-1 SD', 99.7),
(176, 50, '-1 SD', 100.2),
(177, 51, '-1 SD', 100.7),
(178, 52, '-1 SD', 101.2),
(179, 53, '-1 SD', 101.7),
(180, 54, '-1 SD', 102.3),
(181, 55, '-1 SD', 102.8),
(182, 56, '-1 SD', 103.3),
(183, 57, '-1 SD', 103.8),
(184, 58, '-1 SD', 104.3),
(185, 59, '-1 SD', 104.8),
(186, 60, '-1 SD', 105.3),
(187, 0, 'Median', 49.9),
(188, 1, 'Median', 54.7),
(189, 2, 'Median', 58.4),
(190, 3, 'Median', 61.4),
(191, 4, 'Median', 63.9),
(192, 5, 'Median', 65.9),
(193, 6, 'Median', 67.6),
(194, 7, 'Median', 69.2),
(195, 8, 'Median', 70.6),
(196, 9, 'Median', 72),
(197, 10, 'Median', 73.3),
(198, 11, 'Median', 74.5),
(199, 12, 'Median', 75.7),
(200, 13, 'Median', 76.9),
(201, 14, 'Median', 78),
(202, 15, 'Median', 79.1),
(203, 16, 'Median', 80.2),
(204, 17, 'Median', 81.2),
(205, 18, 'Median', 82.3),
(206, 19, 'Median', 83.2),
(207, 20, 'Median', 84.2),
(208, 21, 'Median', 85.1),
(209, 22, 'Median', 86),
(210, 23, 'Median', 86.9),
(211, 24, 'Median', 87.8),
(212, 24, 'Median', 87.1),
(213, 25, 'Median', 88),
(214, 26, 'Median', 88.8),
(215, 27, 'Median', 89.6),
(216, 28, 'Median', 90.4),
(217, 29, 'Median', 91.2),
(218, 30, 'Median', 91.9),
(219, 31, 'Median', 92.7),
(220, 32, 'Median', 93.4),
(221, 33, 'Median', 94.1),
(222, 34, 'Median', 94.8),
(223, 35, 'Median', 95.4),
(224, 36, 'Median', 96.1),
(225, 37, 'Median', 96.7),
(226, 38, 'Median', 97.4),
(227, 39, 'Median', 98),
(228, 40, 'Median', 98.6),
(229, 41, 'Median', 99.2),
(230, 42, 'Median', 99.9),
(231, 43, 'Median', 100.4),
(232, 44, 'Median', 101),
(233, 45, 'Median', 101.6),
(234, 46, 'Median', 102.2),
(235, 47, 'Median', 102.8),
(236, 48, 'Median', 103.3),
(237, 49, 'Median', 103.9),
(238, 50, 'Median', 104.4),
(239, 51, 'Median', 105),
(240, 52, 'Median', 105.6),
(241, 53, 'Median', 106.1),
(242, 54, 'Median', 106.7),
(243, 55, 'Median', 107.2),
(244, 56, 'Median', 107.8),
(245, 57, 'Median', 108.3),
(246, 58, 'Median', 108.9),
(247, 59, 'Median', 109.4),
(248, 60, 'Median', 110),
(249, 0, '+1 SD', 51.8),
(250, 1, '+1 SD', 56.7),
(251, 2, '+1 SD', 60.4),
(252, 3, '+1 SD', 63.5),
(253, 4, '+1 SD', 66),
(254, 5, '+1 SD', 68),
(255, 6, '+1 SD', 69.8),
(256, 7, '+1 SD', 71.3),
(257, 8, '+1 SD', 72.8),
(258, 9, '+1 SD', 74.2),
(259, 10, '+1 SD', 75.6),
(260, 11, '+1 SD', 76.9),
(261, 12, '+1 SD', 78.1),
(262, 13, '+1 SD', 79.3),
(263, 14, '+1 SD', 80.5),
(264, 15, '+1 SD', 81.7),
(265, 16, '+1 SD', 82.8),
(266, 17, '+1 SD', 83.9),
(267, 18, '+1 SD', 85),
(268, 19, '+1 SD', 86),
(269, 20, '+1 SD', 87),
(270, 21, '+1 SD', 88),
(271, 22, '+1 SD', 89),
(272, 23, '+1 SD', 89.9),
(273, 24, '+1 SD', 90.9),
(274, 24, '+1 SD', 90.2),
(275, 25, '+1 SD', 91.1),
(276, 26, '+1 SD', 92),
(277, 27, '+1 SD', 92.9),
(278, 28, '+1 SD', 93.7),
(279, 29, '+1 SD', 94.5),
(280, 30, '+1 SD', 95.3),
(281, 31, '+1 SD', 96.1),
(282, 32, '+1 SD', 96.9),
(283, 33, '+1 SD', 97.6),
(284, 34, '+1 SD', 98.4),
(285, 35, '+1 SD', 99.1),
(286, 36, '+1 SD', 99.8),
(287, 37, '+1 SD', 100.5),
(288, 38, '+1 SD', 101.2),
(289, 39, '+1 SD', 101.8),
(290, 40, '+1 SD', 102.5),
(291, 41, '+1 SD', 103.2),
(292, 42, '+1 SD', 103.8),
(293, 43, '+1 SD', 104.5),
(294, 44, '+1 SD', 105.1),
(295, 45, '+1 SD', 105.7),
(296, 46, '+1 SD', 106.3),
(297, 47, '+1 SD', 106.9),
(298, 48, '+1 SD', 107.5),
(299, 49, '+1 SD', 108.1),
(300, 50, '+1 SD', 108.7),
(301, 51, '+1 SD', 109.3),
(302, 52, '+1 SD', 109.9),
(303, 53, '+1 SD', 110.5),
(304, 54, '+1 SD', 111.1),
(305, 55, '+1 SD', 111.7),
(306, 56, '+1 SD', 112.3),
(307, 57, '+1 SD', 112.8),
(308, 58, '+1 SD', 113.4),
(309, 59, '+1 SD', 114),
(310, 60, '+1 SD', 114.6),
(311, 0, '+2 SD', 53.7),
(312, 1, '+2 SD', 58.6),
(313, 2, '+2 SD', 62.4),
(314, 3, '+2 SD', 65.5),
(315, 4, '+2 SD', 68),
(316, 5, '+2 SD', 70.1),
(317, 6, '+2 SD', 71.9),
(318, 7, '+2 SD', 73.5),
(319, 8, '+2 SD', 75),
(320, 9, '+2 SD', 76.5),
(321, 10, '+2 SD', 77.9),
(322, 11, '+2 SD', 79.2),
(323, 12, '+2 SD', 80.5),
(324, 13, '+2 SD', 81.8),
(325, 14, '+2 SD', 83),
(326, 15, '+2 SD', 84.2),
(327, 16, '+2 SD', 85.4),
(328, 17, '+2 SD', 86.5),
(329, 18, '+2 SD', 87.7),
(330, 19, '+2 SD', 88.8),
(331, 20, '+2 SD', 89.8),
(332, 21, '+2 SD', 90.9),
(333, 22, '+2 SD', 91.9),
(334, 23, '+2 SD', 92.9),
(335, 24, '+2 SD', 93.9),
(336, 24, '+2 SD', 93.2),
(337, 25, '+2 SD', 94.2),
(338, 26, '+2 SD', 95.2),
(339, 27, '+2 SD', 96.1),
(340, 28, '+2 SD', 97),
(341, 29, '+2 SD', 97.9),
(342, 30, '+2 SD', 98.7),
(343, 31, '+2 SD', 99.6),
(344, 32, '+2 SD', 100.4),
(345, 33, '+2 SD', 101.2),
(346, 34, '+2 SD', 102),
(347, 35, '+2 SD', 102.7),
(348, 36, '+2 SD', 103.5),
(349, 37, '+2 SD', 104.2),
(350, 38, '+2 SD', 105),
(351, 39, '+2 SD', 105.7),
(352, 40, '+2 SD', 106.4),
(353, 41, '+2 SD', 107.1),
(354, 42, '+2 SD', 107.8),
(355, 43, '+2 SD', 108.5),
(356, 44, '+2 SD', 109.1),
(357, 45, '+2 SD', 109.8),
(358, 46, '+2 SD', 110.4),
(359, 47, '+2 SD', 111.1),
(360, 48, '+2 SD', 111.7),
(361, 49, '+2 SD', 112.4),
(362, 50, '+2 SD', 113),
(363, 51, '+2 SD', 113.6),
(364, 52, '+2 SD', 114.2),
(365, 53, '+2 SD', 114.9),
(366, 54, '+2 SD', 115.5),
(367, 55, '+2 SD', 116.1),
(368, 56, '+2 SD', 116.7),
(369, 57, '+2 SD', 117.4),
(370, 58, '+2 SD', 118),
(371, 59, '+2 SD', 118.6),
(372, 60, '+2 SD', 119.2),
(373, 0, '+3 SD', 55.6),
(374, 1, '+3 SD', 60.6),
(375, 2, '+3 SD', 64.4),
(376, 3, '+3 SD', 67.6),
(377, 4, '+3 SD', 70.1),
(378, 5, '+3 SD', 72.2),
(379, 6, '+3 SD', 74),
(380, 7, '+3 SD', 75.7),
(381, 8, '+3 SD', 77.2),
(382, 9, '+3 SD', 78.7),
(383, 10, '+3 SD', 80.1),
(384, 11, '+3 SD', 81.5),
(385, 12, '+3 SD', 82.9),
(386, 13, '+3 SD', 84.2),
(387, 14, '+3 SD', 85.5),
(388, 15, '+3 SD', 86.7),
(389, 16, '+3 SD', 88),
(390, 17, '+3 SD', 89.2),
(391, 18, '+3 SD', 90.4),
(392, 19, '+3 SD', 91.5),
(393, 20, '+3 SD', 92.6),
(394, 21, '+3 SD', 93.8),
(395, 22, '+3 SD', 94.9),
(396, 23, '+3 SD', 95.9),
(397, 24, '+3 SD', 97),
(398, 24, '+3 SD', 96.3),
(399, 25, '+3 SD', 97.3),
(400, 26, '+3 SD', 98.3),
(401, 27, '+3 SD', 99.3),
(402, 28, '+3 SD', 100.3),
(403, 29, '+3 SD', 101.2),
(404, 30, '+3 SD', 102.1),
(405, 31, '+3 SD', 103),
(406, 32, '+3 SD', 103.9),
(407, 33, '+3 SD', 104.8),
(408, 34, '+3 SD', 105.6),
(409, 35, '+3 SD', 106.4),
(410, 36, '+3 SD', 107.2),
(411, 37, '+3 SD', 108),
(412, 38, '+3 SD', 108.8),
(413, 39, '+3 SD', 109.5),
(414, 40, '+3 SD', 110.3),
(415, 41, '+3 SD', 111),
(416, 42, '+3 SD', 111.7),
(417, 43, '+3 SD', 112.5),
(418, 44, '+3 SD', 113.2),
(419, 45, '+3 SD', 113.9),
(420, 46, '+3 SD', 114.6),
(421, 47, '+3 SD', 115.2),
(422, 48, '+3 SD', 115.9),
(423, 49, '+3 SD', 116.6),
(424, 50, '+3 SD', 117.3),
(425, 51, '+3 SD', 117.9),
(426, 52, '+3 SD', 118.6),
(427, 53, '+3 SD', 119.2),
(428, 54, '+3 SD', 119.9),
(429, 55, '+3 SD', 120.6),
(430, 56, '+3 SD', 121.2),
(431, 57, '+3 SD', 121.9),
(432, 58, '+3 SD', 122.6),
(433, 59, '+3 SD', 123.2),
(434, 60, '+3 SD', 123.9);

-- --------------------------------------------------------

--
-- Table structure for table `standart_tb_umur_perempuan`
--

CREATE TABLE `standart_tb_umur_perempuan` (
  `id` bigint(20) UNSIGNED NOT NULL,
  `umur` int(2) NOT NULL COMMENT '60 bulan masuk tab umur 60 bulan',
  `tb_char` enum('-3 SD','-2 SD','-1 SD','Median','+1 SD','+2 SD','+3 SD') NOT NULL,
  `value` float NOT NULL
) ENGINE=InnoDB DEFAULT CHARSET=utf8mb4;

--
-- Dumping data for table `standart_tb_umur_perempuan`
--

INSERT INTO `standart_tb_umur_perempuan` (`id`, `umur`, `tb_char`, `value`) VALUES
(1, 0, '-3 SD', 43),
(2, 1, '-3 SD', 47),
(3, 2, '-3 SD', 51),
(4, 3, '-3 SD', 53),
(5, 4, '-3 SD', 55),
(6, 5, '-3 SD', 57),
(7, 6, '-3 SD', 58),
(8, 7, '-3 SD', 60),
(9, 8, '-3 SD', 61),
(10, 9, '-3 SD', 62),
(11, 10, '-3 SD', 64),
(12, 11, '-3 SD', 65),
(13, 12, '-3 SD', 66),
(14, 13, '-3 SD', 67),
(15, 14, '-3 SD', 68),
(16, 15, '-3 SD', 69),
(17, 16, '-3 SD', 70),
(18, 17, '-3 SD', 71),
(19, 18, '-3 SD', 72),
(20, 19, '-3 SD', 72),
(21, 20, '-3 SD', 73),
(22, 21, '-3 SD', 74),
(23, 22, '-3 SD', 75),
(24, 23, '-3 SD', 76),
(25, 24, '-3 SD', 76),
(26, 24, '-3 SD', 76),
(27, 25, '-3 SD', 76),
(28, 26, '-3 SD', 77),
(29, 27, '-3 SD', 78),
(30, 28, '-3 SD', 78),
(31, 29, '-3 SD', 79),
(32, 30, '-3 SD', 80),
(33, 31, '-3 SD', 80),
(34, 32, '-3 SD', 81),
(35, 33, '-3 SD', 81),
(36, 34, '-3 SD', 82),
(37, 35, '-3 SD', 83),
(38, 36, '-3 SD', 83),
(39, 37, '-3 SD', 84),
(40, 38, '-3 SD', 84),
(41, 39, '-3 SD', 85),
(42, 40, '-3 SD', 85),
(43, 41, '-3 SD', 86),
(44, 42, '-3 SD', 86),
(45, 43, '-3 SD', 87),
(46, 44, '-3 SD', 87),
(47, 45, '-3 SD', 88),
(48, 46, '-3 SD', 88),
(49, 47, '-3 SD', 89),
(50, 48, '-3 SD', 89),
(51, 49, '-3 SD', 90),
(52, 50, '-3 SD', 90),
(53, 51, '-3 SD', 91),
(54, 52, '-3 SD', 91),
(55, 53, '-3 SD', 92),
(56, 54, '-3 SD', 92),
(57, 55, '-3 SD', 93),
(58, 56, '-3 SD', 93),
(59, 57, '-3 SD', 93),
(60, 58, '-3 SD', 94),
(61, 59, '-3 SD', 94),
(62, 60, '-3 SD', 95),
(63, 0, '-2 SD', 45),
(64, 1, '-2 SD', 49),
(65, 2, '-2 SD', 53),
(66, 3, '-2 SD', 55),
(67, 4, '-2 SD', 57),
(68, 5, '-2 SD', 59),
(69, 6, '-2 SD', 61),
(70, 7, '-2 SD', 62),
(71, 8, '-2 SD', 64),
(72, 9, '-2 SD', 65),
(73, 10, '-2 SD', 66),
(74, 11, '-2 SD', 67),
(75, 12, '-2 SD', 68),
(76, 13, '-2 SD', 70),
(77, 14, '-2 SD', 71),
(78, 15, '-2 SD', 72),
(79, 16, '-2 SD', 73),
(80, 17, '-2 SD', 74),
(81, 18, '-2 SD', 74),
(82, 19, '-2 SD', 75),
(83, 20, '-2 SD', 76),
(84, 21, '-2 SD', 77),
(85, 22, '-2 SD', 78),
(86, 23, '-2 SD', 79),
(87, 24, '-2 SD', 80),
(88, 24, '-2 SD', 79),
(89, 25, '-2 SD', 80),
(90, 26, '-2 SD', 80),
(91, 27, '-2 SD', 81),
(92, 28, '-2 SD', 82),
(93, 29, '-2 SD', 82),
(94, 30, '-2 SD', 83),
(95, 31, '-2 SD', 84),
(96, 32, '-2 SD', 84),
(97, 33, '-2 SD', 85),
(98, 34, '-2 SD', 86),
(99, 35, '-2 SD', 86),
(100, 36, '-2 SD', 87),
(101, 37, '-2 SD', 88),
(102, 38, '-2 SD', 88),
(103, 39, '-2 SD', 89),
(104, 40, '-2 SD', 89),
(105, 41, '-2 SD', 90),
(106, 42, '-2 SD', 90),
(107, 43, '-2 SD', 91),
(108, 44, '-2 SD', 92),
(109, 45, '-2 SD', 92),
(110, 46, '-2 SD', 93),
(111, 47, '-2 SD', 93),
(112, 48, '-2 SD', 94),
(113, 49, '-2 SD', 94),
(114, 50, '-2 SD', 95),
(115, 51, '-2 SD', 95),
(116, 52, '-2 SD', 96),
(117, 53, '-2 SD', 96),
(118, 54, '-2 SD', 97),
(119, 55, '-2 SD', 97),
(120, 56, '-2 SD', 98),
(121, 57, '-2 SD', 98),
(122, 58, '-2 SD', 99),
(123, 59, '-2 SD', 99),
(124, 60, '-2 SD', 99),
(125, 0, '-1 SD', 47),
(126, 1, '-1 SD', 51),
(127, 2, '-1 SD', 55),
(128, 3, '-1 SD', 57),
(129, 4, '-1 SD', 59),
(130, 5, '-1 SD', 61),
(131, 6, '-1 SD', 63),
(132, 7, '-1 SD', 65),
(133, 8, '-1 SD', 66),
(134, 9, '-1 SD', 67),
(135, 10, '-1 SD', 69),
(136, 11, '-1 SD', 70),
(137, 12, '-1 SD', 71),
(138, 13, '-1 SD', 72),
(139, 14, '-1 SD', 73),
(140, 15, '-1 SD', 74),
(141, 16, '-1 SD', 75),
(142, 17, '-1 SD', 76),
(143, 18, '-1 SD', 77),
(144, 19, '-1 SD', 78),
(145, 20, '-1 SD', 79),
(146, 21, '-1 SD', 80),
(147, 22, '-1 SD', 81),
(148, 23, '-1 SD', 82),
(149, 24, '-1 SD', 83),
(150, 24, '-1 SD', 82),
(151, 25, '-1 SD', 83),
(152, 26, '-1 SD', 84),
(153, 27, '-1 SD', 84),
(154, 28, '-1 SD', 85),
(155, 29, '-1 SD', 86),
(156, 30, '-1 SD', 87),
(157, 31, '-1 SD', 87),
(158, 32, '-1 SD', 88),
(159, 33, '-1 SD', 89),
(160, 34, '-1 SD', 89),
(161, 35, '-1 SD', 90),
(162, 36, '-1 SD', 91),
(163, 37, '-1 SD', 91),
(164, 38, '-1 SD', 92),
(165, 39, '-1 SD', 93),
(166, 40, '-1 SD', 93),
(167, 41, '-1 SD', 94),
(168, 42, '-1 SD', 95),
(169, 43, '-1 SD', 95),
(170, 44, '-1 SD', 96),
(171, 45, '-1 SD', 96),
(172, 46, '-1 SD', 97),
(173, 47, '-1 SD', 97),
(174, 48, '-1 SD', 98),
(175, 49, '-1 SD', 99),
(176, 50, '-1 SD', 99),
(177, 51, '-1 SD', 100),
(178, 52, '-1 SD', 100),
(179, 53, '-1 SD', 101),
(180, 54, '-1 SD', 101),
(181, 55, '-1 SD', 102),
(182, 56, '-1 SD', 102),
(183, 57, '-1 SD', 103),
(184, 58, '-1 SD', 103),
(185, 59, '-1 SD', 104),
(186, 60, '-1 SD', 104),
(187, 0, 'Median', 49),
(188, 1, 'Median', 53),
(189, 2, 'Median', 57),
(190, 3, 'Median', 59),
(191, 4, 'Median', 62),
(192, 5, 'Median', 64),
(193, 6, 'Median', 65),
(194, 7, 'Median', 67),
(195, 8, 'Median', 68),
(196, 9, 'Median', 70),
(197, 10, 'Median', 71),
(198, 11, 'Median', 72),
(199, 12, 'Median', 74),
(200, 13, 'Median', 75),
(201, 14, 'Median', 76),
(202, 15, 'Median', 77),
(203, 16, 'Median', 78),
(204, 17, 'Median', 79),
(205, 18, 'Median', 80),
(206, 19, 'Median', 81),
(207, 20, 'Median', 82),
(208, 21, 'Median', 83),
(209, 22, 'Median', 84),
(210, 23, 'Median', 85),
(211, 24, 'Median', 86),
(212, 24, 'Median', 85),
(213, 25, 'Median', 86),
(214, 26, 'Median', 87),
(215, 27, 'Median', 88),
(216, 28, 'Median', 89),
(217, 29, 'Median', 89),
(218, 30, 'Median', 90),
(219, 31, 'Median', 91),
(220, 32, 'Median', 92),
(221, 33, 'Median', 92),
(222, 34, 'Median', 93),
(223, 35, 'Median', 94),
(224, 36, 'Median', 95),
(225, 37, 'Median', 95),
(226, 38, 'Median', 96),
(227, 39, 'Median', 97),
(228, 40, 'Median', 97),
(229, 41, 'Median', 98),
(230, 42, 'Median', 99),
(231, 43, 'Median', 99),
(232, 44, 'Median', 100),
(233, 45, 'Median', 100),
(234, 46, 'Median', 101),
(235, 47, 'Median', 102),
(236, 48, 'Median', 102),
(237, 49, 'Median', 103),
(238, 50, 'Median', 103),
(239, 51, 'Median', 104),
(240, 52, 'Median', 105),
(241, 53, 'Median', 105),
(242, 54, 'Median', 106),
(243, 55, 'Median', 106),
(244, 56, 'Median', 107),
(245, 57, 'Median', 107),
(246, 58, 'Median', 108),
(247, 59, 'Median', 108),
(248, 60, 'Median', 109),
(249, 0, '+1 SD', 51),
(250, 1, '+1 SD', 55),
(251, 2, '+1 SD', 59),
(252, 3, '+1 SD', 61),
(253, 4, '+1 SD', 64),
(254, 5, '+1 SD', 66),
(255, 6, '+1 SD', 68),
(256, 7, '+1 SD', 69),
(257, 8, '+1 SD', 71),
(258, 9, '+1 SD', 72),
(259, 10, '+1 SD', 73),
(260, 11, '+1 SD', 75),
(261, 12, '+1 SD', 76),
(262, 13, '+1 SD', 77),
(263, 14, '+1 SD', 79),
(264, 15, '+1 SD', 80),
(265, 16, '+1 SD', 81),
(266, 17, '+1 SD', 82),
(267, 18, '+1 SD', 83),
(268, 19, '+1 SD', 84),
(269, 20, '+1 SD', 85),
(270, 21, '+1 SD', 86),
(271, 22, '+1 SD', 87),
(272, 23, '+1 SD', 88),
(273, 24, '+1 SD', 89),
(274, 24, '+1 SD', 88),
(275, 25, '+1 SD', 89),
(276, 26, '+1 SD', 90),
(277, 27, '+1 SD', 91),
(278, 28, '+1 SD', 92),
(279, 29, '+1 SD', 93),
(280, 30, '+1 SD', 94),
(281, 31, '+1 SD', 95),
(282, 32, '+1 SD', 95),
(283, 33, '+1 SD', 96),
(284, 34, '+1 SD', 97),
(285, 35, '+1 SD', 98),
(286, 36, '+1 SD', 98),
(287, 37, '+1 SD', 99),
(288, 38, '+1 SD', 100),
(289, 39, '+1 SD', 101),
(290, 40, '+1 SD', 101),
(291, 41, '+1 SD', 102),
(292, 42, '+1 SD', 103),
(293, 43, '+1 SD', 103),
(294, 44, '+1 SD', 104),
(295, 45, '+1 SD', 105),
(296, 46, '+1 SD', 105),
(297, 47, '+1 SD', 106),
(298, 48, '+1 SD', 107),
(299, 49, '+1 SD', 107),
(300, 50, '+1 SD', 108),
(301, 51, '+1 SD', 108),
(302, 52, '+1 SD', 109),
(303, 53, '+1 SD', 110),
(304, 54, '+1 SD', 110),
(305, 55, '+1 SD', 111),
(306, 56, '+1 SD', 111),
(307, 57, '+1 SD', 112),
(308, 58, '+1 SD', 113),
(309, 59, '+1 SD', 113),
(310, 60, '+1 SD', 114),
(311, 0, '+2 SD', 52),
(312, 1, '+2 SD', 57),
(313, 2, '+2 SD', 61),
(314, 3, '+2 SD', 64),
(315, 4, '+2 SD', 66),
(316, 5, '+2 SD', 68),
(317, 6, '+2 SD', 70),
(318, 7, '+2 SD', 71),
(319, 8, '+2 SD', 73),
(320, 9, '+2 SD', 75),
(321, 10, '+2 SD', 76),
(322, 11, '+2 SD', 77),
(323, 12, '+2 SD', 79),
(324, 13, '+2 SD', 80),
(325, 14, '+2 SD', 81),
(326, 15, '+2 SD', 83),
(327, 16, '+2 SD', 84),
(328, 17, '+2 SD', 85),
(329, 18, '+2 SD', 86),
(330, 19, '+2 SD', 87),
(331, 20, '+2 SD', 88),
(332, 21, '+2 SD', 89),
(333, 22, '+2 SD', 90),
(334, 23, '+2 SD', 91),
(335, 24, '+2 SD', 92),
(336, 24, '+2 SD', 92),
(337, 25, '+2 SD', 93),
(338, 26, '+2 SD', 94),
(339, 27, '+2 SD', 95),
(340, 28, '+2 SD', 96),
(341, 29, '+2 SD', 96),
(342, 30, '+2 SD', 97),
(343, 31, '+2 SD', 98),
(344, 32, '+2 SD', 99),
(345, 33, '+2 SD', 100),
(346, 34, '+2 SD', 101),
(347, 35, '+2 SD', 101),
(348, 36, '+2 SD', 102),
(349, 37, '+2 SD', 103),
(350, 38, '+2 SD', 104),
(351, 39, '+2 SD', 105),
(352, 40, '+2 SD', 105),
(353, 41, '+2 SD', 106),
(354, 42, '+2 SD', 107),
(355, 43, '+2 SD', 107),
(356, 44, '+2 SD', 108),
(357, 45, '+2 SD', 109),
(358, 46, '+2 SD', 110),
(359, 47, '+2 SD', 110),
(360, 48, '+2 SD', 111),
(361, 49, '+2 SD', 112),
(362, 50, '+2 SD', 112),
(363, 51, '+2 SD', 113),
(364, 52, '+2 SD', 114),
(365, 53, '+2 SD', 114),
(366, 54, '+2 SD', 115),
(367, 55, '+2 SD', 115),
(368, 56, '+2 SD', 116),
(369, 57, '+2 SD', 117),
(370, 58, '+2 SD', 117),
(371, 59, '+2 SD', 118),
(372, 60, '+2 SD', 118),
(373, 0, '+3 SD', 54),
(374, 1, '+3 SD', 59),
(375, 2, '+3 SD', 63),
(376, 3, '+3 SD', 66),
(377, 4, '+3 SD', 68),
(378, 5, '+3 SD', 70),
(379, 6, '+3 SD', 72),
(380, 7, '+3 SD', 74),
(381, 8, '+3 SD', 75),
(382, 9, '+3 SD', 77),
(383, 10, '+3 SD', 78),
(384, 11, '+3 SD', 80),
(385, 12, '+3 SD', 81),
(386, 13, '+3 SD', 83),
(387, 14, '+3 SD', 84),
(388, 15, '+3 SD', 85),
(389, 16, '+3 SD', 87),
(390, 17, '+3 SD', 88),
(391, 18, '+3 SD', 89),
(392, 19, '+3 SD', 90),
(393, 20, '+3 SD', 91),
(394, 21, '+3 SD', 92),
(395, 22, '+3 SD', 94),
(396, 23, '+3 SD', 95),
(397, 24, '+3 SD', 96),
(398, 24, '+3 SD', 95),
(399, 25, '+3 SD', 96),
(400, 26, '+3 SD', 97),
(401, 27, '+3 SD', 98),
(402, 28, '+3 SD', 99),
(403, 29, '+3 SD', 100),
(404, 30, '+3 SD', 101),
(405, 31, '+3 SD', 102),
(406, 32, '+3 SD', 103),
(407, 33, '+3 SD', 103),
(408, 34, '+3 SD', 104),
(409, 35, '+3 SD', 105),
(410, 36, '+3 SD', 106),
(411, 37, '+3 SD', 107),
(412, 38, '+3 SD', 108),
(413, 39, '+3 SD', 108),
(414, 40, '+3 SD', 109),
(415, 41, '+3 SD', 110),
(416, 42, '+3 SD', 111),
(417, 43, '+3 SD', 112),
(418, 44, '+3 SD', 112),
(419, 45, '+3 SD', 113),
(420, 46, '+3 SD', 114),
(421, 47, '+3 SD', 114),
(422, 48, '+3 SD', 115),
(423, 49, '+3 SD', 116),
(424, 50, '+3 SD', 117),
(425, 51, '+3 SD', 117),
(426, 52, '+3 SD', 118),
(427, 53, '+3 SD', 119),
(428, 54, '+3 SD', 119),
(429, 55, '+3 SD', 120),
(430, 56, '+3 SD', 121),
(431, 57, '+3 SD', 121),
(432, 58, '+3 SD', 122),
(433, 59, '+3 SD', 123),
(434, 60, '+3 SD', 123);

-- --------------------------------------------------------

--
-- Table structure for table `users`
--

CREATE TABLE `users` (
  `id` bigint(20) UNSIGNED NOT NULL,
  `role` enum('ahli_gizi','bidan','kapus') COLLATE utf8mb4_unicode_ci NOT NULL,
  `email` varchar(255) COLLATE utf8mb4_unicode_ci NOT NULL,
  `password` varchar(255) COLLATE utf8mb4_unicode_ci NOT NULL,
  `created_at` timestamp NULL DEFAULT NULL,
  `updated_at` timestamp NULL DEFAULT NULL
) ENGINE=InnoDB DEFAULT CHARSET=utf8mb4 COLLATE=utf8mb4_unicode_ci;

--
-- Dumping data for table `users`
--

INSERT INTO `users` (`id`, `role`, `email`, `password`, `created_at`, `updated_at`) VALUES
(1, 'ahli_gizi', 'ahli_gizi@pkmkejayan.com', '$2y$10$fSeCyjiAElwmt1SVGsYfyOTRkohxWnR3.xhBX5jOQ5O7mlCXM9QoS', '2022-02-06 12:54:27', '2023-06-09 15:36:25'),
(2, 'bidan', 'bidan@pkmkejayan.com', '$2y$10$vn5ADAks5XDtX/7B1yTUiugDT.5IssGphumfyGZFetODi98QRXksS', '2022-02-06 12:54:27', '2022-01-09 05:40:28'),
(3, 'kapus', 'kapus@pkmkejayan.com', '$2y$10$vn5ADAks5XDtX/7B1yTUiugDT.5IssGphumfyGZFetODi98QRXksS', '2022-02-06 12:54:27', '2022-01-09 05:40:28');

--
-- Indexes for dumped tables
--

--
-- Indexes for table `ahli_gizi`
--
ALTER TABLE `ahli_gizi`
  ADD PRIMARY KEY (`id`),
  ADD KEY `user_gizi` (`user_id`);

--
-- Indexes for table `balita`
--
ALTER TABLE `balita`
  ADD PRIMARY KEY (`id`);

--
-- Indexes for table `bidan`
--
ALTER TABLE `bidan`
  ADD PRIMARY KEY (`id`),
  ADD KEY `user_bidan` (`user_id`);

--
-- Indexes for table `kader`
--
ALTER TABLE `kader`
  ADD PRIMARY KEY (`id`),
  ADD KEY `pos` (`posyandu_id`);

--
-- Indexes for table `kapus`
--
ALTER TABLE `kapus`
  ADD PRIMARY KEY (`id`),
  ADD KEY `user_kaps` (`user_id`);

--
-- Indexes for table `kategori_status_gizi`
--
ALTER TABLE `kategori_status_gizi`
  ADD PRIMARY KEY (`id`);

--
-- Indexes for table `posyandu`
--
ALTER TABLE `posyandu`
  ADD PRIMARY KEY (`id`);

--
-- Indexes for table `posyandu_bidan`
--
ALTER TABLE `posyandu_bidan`
  ADD PRIMARY KEY (`id`),
  ADD KEY `bidan` (`bidan_id`);

--
-- Indexes for table `posyandu_hasil`
--
ALTER TABLE `posyandu_hasil`
  ADD PRIMARY KEY (`id`),
  ADD KEY `pos_balita` (`balita_id`),
  ADD KEY `pos_bidan` (`bidan_id`),
  ADD KEY `pos_jadwa` (`jadwal_id`);

--
-- Indexes for table `posyandu_jadwal`
--
ALTER TABLE `posyandu_jadwal`
  ADD PRIMARY KEY (`id`),
  ADD KEY `pos_id` (`posyandu_id`),
  ADD KEY `bidan_id` (`bidan_id`);

--
-- Indexes for table `standart_bb_tb_laki_laki`
--
ALTER TABLE `standart_bb_tb_laki_laki`
  ADD PRIMARY KEY (`id`);

--
-- Indexes for table `standart_bb_tb_perempuan`
--
ALTER TABLE `standart_bb_tb_perempuan`
  ADD PRIMARY KEY (`id`);

--
-- Indexes for table `standart_bb_umur_laki_laki`
--
ALTER TABLE `standart_bb_umur_laki_laki`
  ADD PRIMARY KEY (`id`);

--
-- Indexes for table `standart_bb_umur_perempuan`
--
ALTER TABLE `standart_bb_umur_perempuan`
  ADD PRIMARY KEY (`id`);

--
-- Indexes for table `standart_bobot`
--
ALTER TABLE `standart_bobot`
  ADD PRIMARY KEY (`id`);

--
-- Indexes for table `standart_index_char`
--
ALTER TABLE `standart_index_char`
  ADD PRIMARY KEY (`id`);

--
-- Indexes for table `standart_tb_umur_laki_laki`
--
ALTER TABLE `standart_tb_umur_laki_laki`
  ADD PRIMARY KEY (`id`);

--
-- Indexes for table `standart_tb_umur_perempuan`
--
ALTER TABLE `standart_tb_umur_perempuan`
  ADD PRIMARY KEY (`id`);

--
-- Indexes for table `users`
--
ALTER TABLE `users`
  ADD PRIMARY KEY (`id`),
  ADD UNIQUE KEY `users_email_unique` (`email`);

--
-- AUTO_INCREMENT for dumped tables
--

--
-- AUTO_INCREMENT for table `ahli_gizi`
--
ALTER TABLE `ahli_gizi`
  MODIFY `id` bigint(20) UNSIGNED NOT NULL AUTO_INCREMENT, AUTO_INCREMENT=3;

--
-- AUTO_INCREMENT for table `balita`
--
ALTER TABLE `balita`
  MODIFY `id` bigint(20) UNSIGNED NOT NULL AUTO_INCREMENT, AUTO_INCREMENT=6;

--
-- AUTO_INCREMENT for table `bidan`
--
ALTER TABLE `bidan`
  MODIFY `id` bigint(20) UNSIGNED NOT NULL AUTO_INCREMENT, AUTO_INCREMENT=3;

--
-- AUTO_INCREMENT for table `kader`
--
ALTER TABLE `kader`
  MODIFY `id` bigint(20) UNSIGNED NOT NULL AUTO_INCREMENT, AUTO_INCREMENT=5;

--
-- AUTO_INCREMENT for table `kapus`
--
ALTER TABLE `kapus`
  MODIFY `id` bigint(20) UNSIGNED NOT NULL AUTO_INCREMENT, AUTO_INCREMENT=2;

--
-- AUTO_INCREMENT for table `kategori_status_gizi`
--
ALTER TABLE `kategori_status_gizi`
  MODIFY `id` bigint(20) UNSIGNED NOT NULL AUTO_INCREMENT, AUTO_INCREMENT=15;

--
-- AUTO_INCREMENT for table `posyandu`
--
ALTER TABLE `posyandu`
  MODIFY `id` bigint(20) UNSIGNED NOT NULL AUTO_INCREMENT, AUTO_INCREMENT=5;

--
-- AUTO_INCREMENT for table `posyandu_bidan`
--
ALTER TABLE `posyandu_bidan`
  MODIFY `id` bigint(20) UNSIGNED NOT NULL AUTO_INCREMENT, AUTO_INCREMENT=2;

--
-- AUTO_INCREMENT for table `posyandu_hasil`
--
ALTER TABLE `posyandu_hasil`
  MODIFY `id` bigint(20) UNSIGNED NOT NULL AUTO_INCREMENT, AUTO_INCREMENT=17;

--
-- AUTO_INCREMENT for table `posyandu_jadwal`
--
ALTER TABLE `posyandu_jadwal`
  MODIFY `id` bigint(20) UNSIGNED NOT NULL AUTO_INCREMENT, AUTO_INCREMENT=4;

--
-- AUTO_INCREMENT for table `standart_bb_tb_laki_laki`
--
ALTER TABLE `standart_bb_tb_laki_laki`
  MODIFY `id` bigint(20) UNSIGNED NOT NULL AUTO_INCREMENT, AUTO_INCREMENT=778;

--
-- AUTO_INCREMENT for table `standart_bb_tb_perempuan`
--
ALTER TABLE `standart_bb_tb_perempuan`
  MODIFY `id` bigint(20) UNSIGNED NOT NULL AUTO_INCREMENT, AUTO_INCREMENT=778;

--
-- AUTO_INCREMENT for table `standart_bb_umur_laki_laki`
--
ALTER TABLE `standart_bb_umur_laki_laki`
  MODIFY `id` bigint(20) UNSIGNED NOT NULL AUTO_INCREMENT, AUTO_INCREMENT=428;

--
-- AUTO_INCREMENT for table `standart_bb_umur_perempuan`
--
ALTER TABLE `standart_bb_umur_perempuan`
  MODIFY `id` bigint(20) UNSIGNED NOT NULL AUTO_INCREMENT, AUTO_INCREMENT=428;

--
-- AUTO_INCREMENT for table `standart_bobot`
--
ALTER TABLE `standart_bobot`
  MODIFY `id` bigint(20) UNSIGNED NOT NULL AUTO_INCREMENT;

--
-- AUTO_INCREMENT for table `standart_index_char`
--
ALTER TABLE `standart_index_char`
  MODIFY `id` bigint(20) UNSIGNED NOT NULL AUTO_INCREMENT;

--
-- AUTO_INCREMENT for table `standart_tb_umur_laki_laki`
--
ALTER TABLE `standart_tb_umur_laki_laki`
  MODIFY `id` bigint(20) UNSIGNED NOT NULL AUTO_INCREMENT, AUTO_INCREMENT=435;

--
-- AUTO_INCREMENT for table `standart_tb_umur_perempuan`
--
ALTER TABLE `standart_tb_umur_perempuan`
  MODIFY `id` bigint(20) UNSIGNED NOT NULL AUTO_INCREMENT, AUTO_INCREMENT=435;

--
-- AUTO_INCREMENT for table `users`
--
ALTER TABLE `users`
  MODIFY `id` bigint(20) UNSIGNED NOT NULL AUTO_INCREMENT, AUTO_INCREMENT=7;

--
-- Constraints for dumped tables
--

--
-- Constraints for table `ahli_gizi`
--
ALTER TABLE `ahli_gizi`
  ADD CONSTRAINT `user_gizi` FOREIGN KEY (`user_id`) REFERENCES `users` (`id`) ON DELETE CASCADE ON UPDATE CASCADE;

--
-- Constraints for table `bidan`
--
ALTER TABLE `bidan`
  ADD CONSTRAINT `user_bidan` FOREIGN KEY (`user_id`) REFERENCES `users` (`id`) ON DELETE CASCADE ON UPDATE CASCADE;

--
-- Constraints for table `kader`
--
ALTER TABLE `kader`
  ADD CONSTRAINT `pos` FOREIGN KEY (`posyandu_id`) REFERENCES `posyandu` (`id`) ON DELETE SET NULL ON UPDATE SET NULL;

--
-- Constraints for table `kapus`
--
ALTER TABLE `kapus`
  ADD CONSTRAINT `user_kaps` FOREIGN KEY (`user_id`) REFERENCES `users` (`id`) ON DELETE CASCADE ON UPDATE CASCADE;

--
-- Constraints for table `posyandu_bidan`
--
ALTER TABLE `posyandu_bidan`
  ADD CONSTRAINT `bidan` FOREIGN KEY (`bidan_id`) REFERENCES `bidan` (`id`) ON DELETE CASCADE ON UPDATE CASCADE;

--
-- Constraints for table `posyandu_hasil`
--
ALTER TABLE `posyandu_hasil`
  ADD CONSTRAINT `pos_balita` FOREIGN KEY (`balita_id`) REFERENCES `balita` (`id`),
  ADD CONSTRAINT `pos_bidan` FOREIGN KEY (`bidan_id`) REFERENCES `bidan` (`id`),
  ADD CONSTRAINT `pos_jadwa` FOREIGN KEY (`jadwal_id`) REFERENCES `posyandu_jadwal` (`id`);

--
-- Constraints for table `posyandu_jadwal`
--
ALTER TABLE `posyandu_jadwal`
  ADD CONSTRAINT `bidan_id` FOREIGN KEY (`bidan_id`) REFERENCES `bidan` (`id`) ON DELETE SET NULL ON UPDATE SET NULL,
  ADD CONSTRAINT `pos_id` FOREIGN KEY (`posyandu_id`) REFERENCES `posyandu` (`id`) ON DELETE SET NULL ON UPDATE SET NULL;
COMMIT;

/*!40101 SET CHARACTER_SET_CLIENT=@OLD_CHARACTER_SET_CLIENT */;
/*!40101 SET CHARACTER_SET_RESULTS=@OLD_CHARACTER_SET_RESULTS */;
/*!40101 SET COLLATION_CONNECTION=@OLD_COLLATION_CONNECTION */;
